{
    "normals": [1,0,0,0.999969,0,0,0,0,1,0,1,0,0,0.999969,0,-1,0,0,-0.999969,0,0],
    "vertices": [60,10,-15,60,10,-5,50,10,-5,50,10,-15,40,-1e-06,-15,40,-0,-5,50,-0,-5,50,-1e-06,-15,30,-1e-06,-15,30,-0,-5,40,-0,-5,40,-1e-06,-15,10,10,-15,10,10,-5,0,10,-5,0,10,-15,20,-1e-06,-15,20,-0,-5,10,-0,-5,10,-1e-06,-15,30,-1e-06,-15,30,-0,-5,20,-0,-5,20,-1e-06,-15,60,10,-5,60,10,5,50,10,5,50,10,-5,40,20,5,40,20,-5,40,10,5,40,10,-5,10,20,5,20,20,5,10,10,5,20,10,5,10,20,-5,10,20,5,10,10,-5,10,10,5,10,20,-5,10,20,5,20,20,5,20,20,-5,20,20,5,30,20,5,20,10,5,30,10,5,20,20,-5,20,20,5,30,20,5,30,20,-5,40,30,5,50,30,5,40,20,5,50,20,5,50,30,5,50,30,-5,50,20,5,50,20,-5,40,30,-5,40,30,5,50,30,5,50,30,-5,30,30,5,40,30,5,30,20,5,40,20,5,30,30,-5,30,30,5,30,20,-5,30,20,5,30,30,-5,30,30,5,40,30,5,40,30,-5,30,20,5,40,20,5,30,10,5,40,10,5,50,10,-15,50,10,-5,50,-1e-06,-15,50,-0,-5,50,1e-06,15,50,0,5,50,10,15,50,10,5,50,10,15,60,10,15,50,1e-06,15,60,1e-06,15,50,10,5,50,10,15,60,10,15,60,10,5,40,10,15,50,10,15,40,1e-06,15,50,1e-06,15,40,10,-5,40,10,5,50,10,5,50,10,-5,40,10,5,40,10,15,50,10,15,50,10,5,30,10,5,40,10,5,30,0,5,40,0,5,40,1e-06,15,40,0,5,40,10,15,40,10,5,20,10,5,30,10,5,20,0,5,30,0,5,20,10,5,20,10,15,20,0,5,20,1e-06,15,10,10,15,20,10,15,10,1e-06,15,20,1e-06,15,10,10,5,10,10,15,20,10,15,20,10,5,0,10,15,10,10,15,0,1e-06,15,10,1e-06,15,0,10,-5,0,10,5,10,10,5,10,10,-5,0,10,5,0,10,15,10,10,15,10,10,5],
    "name": "Cube.010Geometry",
    "metadata": {
        "type": "Geometry",
        "normals": 7,
        "vertices": 144,
        "version": 3,
        "faces": 36,
        "generator": "io_three",
        "materials": 1,
        "uvs": 1
    },
    "faces": [43,59,57,56,58,0,0,1,2,3,0,0,1,0,43,127,125,124,126,0,4,5,6,7,2,2,2,2,43,55,53,52,54,0,0,1,2,3,2,2,2,2,43,12,15,14,13,0,8,9,10,11,3,3,3,4,43,11,8,9,10,0,8,9,10,11,3,3,3,4,43,0,3,2,1,0,8,9,10,11,3,3,3,4,43,20,23,22,21,0,8,9,10,11,3,3,3,4,43,16,19,18,17,0,8,9,10,11,3,3,3,4,43,24,27,26,25,0,12,13,14,15,3,3,3,3,43,31,29,28,30,0,16,17,18,19,1,0,0,0,43,7,4,5,6,0,8,9,10,11,3,3,3,4,43,43,40,41,42,0,12,13,14,15,3,3,3,4,43,47,45,44,46,0,20,21,22,23,2,2,2,2,43,51,48,49,50,0,12,13,14,15,3,3,3,4,43,35,33,32,34,0,20,21,22,23,2,2,2,2,43,39,37,36,38,0,20,21,22,23,5,5,5,6,43,79,77,76,78,0,20,21,22,23,2,2,2,2,43,63,60,61,62,0,24,25,26,27,3,3,3,4,43,67,65,64,66,0,20,21,22,23,2,2,2,2,43,71,69,68,70,0,20,21,22,23,5,5,5,5,43,75,72,73,74,0,12,13,14,15,3,3,3,4,43,131,128,129,130,0,8,9,10,11,3,3,3,4,43,84,85,87,86,0,20,28,29,21,0,0,0,0,43,83,81,80,82,0,4,5,30,31,5,5,5,5,43,99,97,96,98,0,20,21,22,23,2,2,2,2,43,95,92,93,94,0,32,33,34,35,3,3,3,4,43,91,89,88,90,0,36,37,38,39,2,2,2,2,43,103,100,101,102,0,40,41,42,43,3,3,3,3,43,107,104,105,106,0,12,13,14,15,3,3,3,4,43,111,109,108,110,0,4,5,6,7,2,2,2,2,43,112,114,115,113,0,20,21,22,23,5,5,5,5,43,119,117,116,118,0,4,5,6,7,2,2,2,2,43,123,122,120,121,0,4,7,6,5,0,0,0,0,43,135,133,132,134,0,4,5,30,31,2,2,2,2,43,139,136,137,138,0,32,33,34,35,3,3,3,3,43,143,140,141,142,0,8,9,10,11,3,3,3,4],
    "materials": [{
        "opacity": 1,
        "visible": true,
        "colorSpecular": [0.5,0.5,0.5],
        "blending": "NormalBlending",
        "colorDiffuse": [0.64,0.64,0.64],
        "DbgIndex": 0,
        "colorEmissive": [0,0,0],
        "depthWrite": true,
        "DbgColor": 15658734,
        "wireframe": false,
        "DbgName": "Material",
        "shading": "phong",
        "specularCoef": 50,
        "depthTest": true,
        "colorAmbient": [0.64,0.64,0.64],
        "transparent": false
    }],
    "uvs": [[0.125164,0.875347,0.125164,1.00016,0.000154,1.00016,0.000154,0.875347,1.00016,0.750347,1.00016,0.875164,0.875154,0.875164,0.875154,0.750347,0.999656,0.750929,0.999656,0.874196,0.875286,0.874196,0.875286,0.750929,0.124656,0.625929,0.124656,0.749196,0.000286,0.749196,0.000286,0.625929,0.500164,0.875347,0.500164,1.00016,0.375154,1.00016,0.375154,0.875347,0.125164,0.625347,0.125164,0.750164,0.000154,0.750164,0.000154,0.625347,0.124656,0.875929,0.124656,0.999196,0.000286,0.999196,0.000286,0.875929,0.000154,0.625347,0.000154,0.750164,0.875154,0.875164,0.875154,0.750347,0.249656,0.875929,0.249656,0.999196,0.125286,0.999196,0.125286,0.875929,0.250164,0.875347,0.250164,1.00016,0.125154,1.00016,0.125154,0.875347,0.499656,0.875929,0.499656,0.999196,0.375286,0.999196,0.375286,0.875929]]
}