{
    "normals": [0,0.707083,0.707083,0,1,0,0,0,1,0,0.999969,0,-1,0,0,0.707083,0,0.707083,1,0,0,-0.999969,0,0,0.999969,0,0,0.577349,0.577349,0.577349,0.707083,0.707083,0],
    "vertices": [10,10,15,10,10,5,0,1e-06,15,10,1e-06,15,0,10,15,0,10,5,10,10,-5,10,10,5,0,10,5,0,10,-5,10,10,-15,10,10,-5,0,10,-5,0,10,-15,10,30,-15,10,30,-5,20,30,-5,20,30,-15,10,30,-5,10,30,-15,10,20,-5,10,20,-15,10,30,-5,20,30,-5,20,30,-15,10,20,-5,20,20,-5,20,20,-15,10,20,-5,10,20,-15,10,10,-5,10,10,-15,10,20,-5,20,20,-5,10,10,-5,20,10,-5,20,20,-15,20,20,-5,30,20,-5,30,20,-15,20,20,-5,30,20,-5,30,20,-15,20,10,-5,30,10,-5,30,10,-15,10,10,-15,10,10,-5,20,10,-5,20,10,-15,10,10,-5,10,10,5,20,10,5,20,10,-5,10,10,5,10,10,15,20,1e-06,15,10,1e-06,15,20,10,5,20,10,15,30,-1e-06,-15,30,10,-15,30,-0,-5,30,10,-5,20,10,-15,20,10,-5,30,10,-5,30,10,-15,20,10,-5,20,10,5,30,10,5,30,10,-5,20,10,5,20,10,15,30,1e-06,15,20,1e-06,15,30,10,5,30,10,15,30,-1e-06,-15,30,-0,-5,40,-0,-5,40,-1e-06,-15,50,-1e-06,-15,50,10,-15,40,10,-5,40,10,5,50,10,5,50,10,-5,30,20,5,30,20,15,40,20,15,30,10,15,40,10,15,30,20,15,50,10,15,40,10,5,40,10,15,40,20,5,40,20,15,50,20,5,50,20,15,60,20,15,60,20,5,50,20,15,50,10,15,60,10,15,60,10,5,50,10,-5,50,10,5,60,10,5,60,10,-5,40,10,5,40,10,15,50,10,15,50,10,5,30,10,-5,30,10,5,40,10,5,40,10,-5,50,10,-15,50,10,-5,60,10,-5,60,10,-15,40,20,5,40,20,15,50,10,5,50,10,15,60,10,15,50,20,5,50,1e-06,15,60,1e-06,15,40,10,15,50,10,15,40,1e-06,15,50,1e-06,15,30,10,15,40,10,15,30,1e-06,15,40,1e-06,15,50,-1e-06,-15,50,-0,-5,40,-0,-5,40,-1e-06,-15,30,20,5,30,10,5,30,20,15,30,10,15,50,-0,-5,50,10,-5],
    "name": "Cube.002Geometry.2",
    "metadata": {
        "type": "Geometry",
        "normals": 11,
        "vertices": 149,
        "version": 3,
        "faces": 41,
        "generator": "io_three",
        "uvs": 1
    },
    "faces": [41,4,0,1,5,2,3,0,1,0,0,1,1,41,3,0,4,2,4,5,6,7,2,0,0,2,41,6,9,8,7,0,1,2,3,1,1,1,1,41,10,13,12,11,0,1,2,3,1,1,1,3,41,17,14,15,16,8,9,10,11,1,1,1,3,41,21,20,18,19,12,13,14,15,4,4,4,4,41,26,23,22,25,16,17,18,19,5,5,2,2,41,27,24,23,26,12,15,14,13,6,6,5,5,41,31,30,28,29,12,13,14,15,4,7,4,4,41,35,33,32,34,16,17,18,19,2,2,2,2,41,39,36,37,38,8,9,10,11,1,1,1,3,41,44,41,40,43,16,17,18,19,5,5,2,2,41,45,42,41,44,12,15,14,13,6,6,5,5,41,49,46,47,48,0,1,2,3,1,1,1,3,41,53,50,51,52,0,1,2,3,1,1,1,1,41,56,59,55,57,4,5,6,7,2,0,0,2,41,58,54,55,59,0,1,2,3,1,1,0,0,41,62,60,61,63,4,7,6,5,6,6,6,8,41,67,64,65,66,0,1,2,3,1,1,1,3,41,71,68,69,70,0,1,2,3,1,1,1,1,41,74,77,73,75,4,5,6,7,2,0,0,2,41,76,72,73,77,0,1,2,3,1,1,0,0,41,81,78,79,80,0,1,2,3,1,1,1,3,41,87,84,85,86,0,1,2,3,1,1,1,1,41,92,90,89,91,20,21,22,23,2,2,2,2,41,105,101,100,104,24,25,26,27,5,9,0,2,41,106,102,101,105,24,25,26,27,6,10,9,5,41,102,99,100,101,28,29,30,31,10,1,0,9,41,95,97,98,96,20,21,22,23,6,8,6,6,41,110,107,108,109,0,1,2,3,1,1,1,1,41,114,111,112,113,0,1,2,3,1,1,1,3,41,118,115,116,117,0,1,2,3,1,1,1,1,41,122,119,120,121,0,1,2,3,1,1,1,3,41,123,88,93,124,32,33,34,35,3,1,1,1,41,130,127,126,129,4,5,6,7,2,2,2,2,41,94,103,128,125,24,25,26,27,4,4,4,4,41,134,132,131,133,4,5,6,7,2,2,2,2,41,138,136,135,137,4,5,6,7,2,2,2,2,41,139,142,141,140,0,1,2,3,1,1,1,3,41,146,145,143,144,20,21,22,23,4,4,4,4,41,147,148,83,82,4,5,6,7,4,7,4,4],
    "uvs": [[0.124656,0.875929,0.124656,0.999196,0.000286,0.999196,0.000286,0.875929,0.125164,0.875347,0.125164,1.00016,0.000154,1.00016,0.000154,0.875347,0.749656,0.750929,0.749656,0.874196,0.625286,0.874196,0.625286,0.750929,0.625164,0.750347,0.500154,0.750347,0.500154,0.875164,0.625164,0.875164,0.500164,0.750347,0.500164,0.875164,0.375154,0.875164,0.375154,0.750347,0.125164,0.750347,0.125164,0.875164,0.000154,0.875164,0.000154,0.750347,0.375164,0.875347,0.375164,1.00016,0.250154,1.00016,0.250154,0.875347,0.874656,0.750929,0.874656,0.874196,0.750286,0.874196,0.750286,0.750929,0.249656,0.750929,0.249656,0.874196,0.125286,0.874196,0.125286,0.750929]]
}