{
    "vertices": [40,20,-15,40,20,-5,40,30,-15,40,30,-5,10,0,5,10,1e-06,15,10,-10,5,10,-10,15,20,-10,15,10,-10,15,20,1e-06,15,10,1e-06,15,30,10,-5,30,10,-15,30,-0,-5,30,-1e-06,-15,20,-1e-06,-15,20,-0,-5,20,10,-15,20,10,-5,30,1e-06,15,20,1e-06,15,30,10,15,20,10,15,60,10,-15,60,10,-5,50,10,-5,50,10,-15,60,10,-5,60,10,5,50,10,5,50,10,-5,20,10,5,20,10,-5,20,0,5,20,-0,-5,20,10,-15,30,10,-15,20,-1e-06,-15,30,-1e-06,-15,10,10,15,10,10,5,10,1e-06,15,10,0,5,10,10,5,20,10,5,10,0,5,20,0,5,10,0,5,10,1e-06,15,20,1e-06,15,20,0,5,60,1e-06,15,50,1e-06,15,60,10,15,50,10,15,40,20,15,50,20,15,40,10,15,50,10,15,40,10,-15,40,10,-5,50,10,-5,50,10,-15,40,20,-5,40,20,5,50,20,5,50,20,-5,40,20,5,40,20,15,50,20,15,50,20,5,30,10,15,40,10,15,30,1e-06,15,40,1e-06,15,30,20,-5,30,20,5,40,20,5,40,20,-5,30,20,5,30,20,15,40,20,15,40,20,5,30,30,-15,30,30,-5,40,30,-5,40,30,-15,20,30,5,20,30,15,30,30,15,30,30,5,10,10,-15,10,10,-5,20,10,-5,20,10,-15,10,10,-5,10,10,5,20,10,5,20,10,-5,0,10,15,10,10,15,0,1e-06,15,10,1e-06,15,0,10,-15,0,10,-5,10,10,-5,10,10,-15,0,10,-5,0,10,5,10,10,5,10,10,-5,0,10,5,0,10,15,10,10,15,10,10,5,50,10,5,50,10,15,60,10,15,60,10,5,20,1e-06,15,20,0,5,20,10,15,20,10,5,50,20,15,50,20,5,50,10,15,50,10,5,20,-10,-15,20,-10,-5,30,-10,-5,30,-10,-15,20,-1e-06,-15,30,-1e-06,-15,20,-10,-15,30,-10,-15,30,-0,-5,30,-1e-06,-15,30,-10,-5,30,-10,-15,20,-10,-15,20,-10,-5,20,-1e-06,-15,20,-0,-5,30,20,-15,30,20,-5,30,30,-15,30,30,-5,30,20,-5,30,20,-15,30,10,-5,30,10,-15,40,20,-5,30,20,-5,40,30,-5,30,30,-5,40,20,-5,40,20,-15,40,10,-5,40,10,-15,50,1e-06,15,40,1e-06,15,50,10,15,40,10,15,20,20,-5,20,20,5,30,20,5,30,20,-5,20,10,5,20,10,-5,20,20,5,20,20,-5,50,20,5,50,20,-5,50,10,5,50,10,-5,30,20,15,40,20,15,30,10,15,40,10,15,30,10,15,20,10,15,30,20,15,20,20,15,30,20,15,20,20,15,30,30,15,20,30,15,30,30,15,30,30,5,30,20,15,30,20,5,20,10,15,20,10,5,20,20,15,20,20,5,20,20,15,20,20,5,20,30,15,20,30,5,20,1e-06,15,20,0,5,20,-10,15,20,-10,5],
    "normals": [1,0,0,0.999969,0,0,0,0,1,-1,0,0,0,1,0,0,0.999969,0,-0.999969,0,0],
    "materials": [{
        "specularCoef": 50,
        "DbgIndex": 0,
        "depthTest": true,
        "colorSpecular": [0.5,0.5,0.5],
        "transparent": false,
        "shading": "phong",
        "colorEmissive": [0,0,0],
        "opacity": 1,
        "colorAmbient": [0.64,0.64,0.64],
        "wireframe": false,
        "visible": true,
        "blending": "NormalBlending",
        "DbgColor": 15658734,
        "depthWrite": true,
        "DbgName": "Material",
        "colorDiffuse": [0.64,0.64,0.64]
    }],
    "name": "Cube.002Geometry",
    "faces": [43,0,2,3,1,0,0,1,2,3,0,0,1,0,43,8,10,11,9,0,0,1,2,3,2,2,2,2,43,20,22,23,21,0,4,5,6,7,2,2,2,2,43,16,18,19,17,0,0,1,2,3,0,0,0,0,43,7,5,4,6,0,0,1,2,3,3,3,3,3,43,52,54,55,53,0,4,5,6,7,2,2,2,2,43,15,14,12,13,0,0,3,2,1,3,3,3,3,43,28,31,30,29,0,8,9,10,11,4,4,4,4,43,35,33,32,34,0,4,5,6,7,0,0,1,0,43,39,37,36,38,0,0,1,2,3,2,2,2,2,43,43,41,40,42,0,4,5,6,7,0,0,1,0,43,47,45,44,46,0,4,5,6,7,2,2,2,2,43,51,48,49,50,0,12,13,14,15,4,4,4,5,43,24,27,26,25,0,12,13,14,15,4,4,4,5,43,63,60,61,62,0,12,13,14,15,4,4,4,5,43,59,57,56,58,0,4,5,6,7,2,2,2,2,43,67,64,65,66,0,8,9,10,11,4,4,4,5,43,71,68,69,70,0,8,9,10,11,4,4,4,4,43,75,73,72,74,0,0,1,2,3,2,2,2,2,43,79,76,77,78,0,12,13,14,15,4,4,4,5,43,87,84,85,86,0,12,13,14,15,4,4,4,5,43,103,101,100,102,0,0,1,2,3,2,2,2,2,43,107,104,105,106,0,12,13,14,15,4,4,4,5,43,99,96,97,98,0,8,9,10,11,4,4,4,4,43,95,92,93,94,0,12,13,14,15,4,4,4,5,43,111,108,109,110,0,12,13,14,15,4,4,4,4,43,115,112,113,114,0,12,13,14,15,4,4,4,5,43,83,80,81,82,0,12,13,14,15,4,4,4,4,43,91,88,89,90,0,8,9,10,11,4,4,4,5,43,119,116,117,118,0,8,9,10,11,4,4,4,5,43,120,122,123,121,0,0,1,2,3,3,3,3,3,43,127,125,124,126,0,4,5,6,7,0,0,1,0,43,131,128,129,130,0,12,13,14,15,4,4,4,5,43,135,133,132,134,0,0,1,2,3,2,2,2,2,43,140,142,143,141,0,0,1,2,3,0,0,0,0,43,139,138,136,137,0,0,3,2,1,3,3,3,3,43,144,145,147,146,0,0,3,2,1,3,3,6,3,43,151,150,148,149,0,0,3,2,1,3,3,3,3,43,152,154,155,153,0,0,1,2,3,2,2,2,2,43,159,157,156,158,0,0,1,2,3,0,0,0,0,43,160,162,163,161,0,4,5,6,7,2,2,2,2,43,167,164,165,166,0,12,13,14,15,4,4,4,5,43,168,170,171,169,0,0,1,2,3,3,3,3,6,43,175,173,172,174,0,4,5,6,7,1,0,0,0,43,179,177,176,178,0,0,1,2,3,2,2,2,2,43,180,182,183,181,0,4,5,6,7,2,2,2,2,43,184,186,187,185,0,4,5,6,7,2,2,2,2,43,191,189,188,190,0,4,5,6,7,0,0,1,0,43,192,194,195,193,0,0,1,2,3,3,6,3,3,43,196,198,199,197,0,0,1,2,3,3,3,3,3,43,203,201,200,202,0,0,1,2,3,0,0,0,0],
    "uvs": [[1.00016,0.750347,1.00016,0.875164,0.875154,0.875164,0.875154,0.750347,0.125164,0.625347,0.125164,0.750164,0.000154,0.750164,0.000154,0.625347,0.124656,0.625929,0.124656,0.749196,0.000286,0.749196,0.000286,0.625929,0.999656,0.750929,0.999656,0.874196,0.875286,0.874196,0.875286,0.750929]],
    "metadata": {
        "vertices": 204,
        "normals": 7,
        "generator": "io_three",
        "version": 3,
        "faces": 51,
        "type": "Geometry",
        "uvs": 1,
        "materials": 1
    }
}