{
    "normals": [1,0,0,0,1,0,0,0.999969,0,0,0,1,-1,0,0,0.999969,0,0,-0.999969,0,0],
    "vertices": [10,40,-15,10,40,-25,10,30,-15,10,30,-25,0,10,-15,0,10,-5,10,10,-5,10,10,-15,50,10,5,50,10,15,60,10,15,60,10,5,10,10,-15,10,10,-5,20,10,-5,20,10,-15,10,40,-25,20,40,-25,10,30,-25,20,30,-25,60,1e-06,15,50,1e-06,15,60,10,15,50,10,15,40,1e-06,15,50,1e-06,15,40,-10,15,50,-10,15,20,10,-15,20,10,-5,30,10,-5,30,10,-15,40,0,5,40,1e-06,15,40,-10,5,40,-10,15,50,0,5,50,1e-06,15,40,1e-06,15,40,0,5,20,10,5,30,10,5,20,0,5,30,0,5,10,30,-15,0,30,-15,10,40,-15,0,40,-15,10,20,-15,0,20,-15,10,30,-15,0,30,-15,10,10,-15,0,10,-15,10,20,-15,0,20,-15,10,1e-06,15,0,1e-06,15,10,10,15,0,10,15,10,10,-5,10,10,5,0,10,5,0,10,-5,10,10,5,10,10,15,0,10,15,0,10,5,10,40,-15,0,40,-15,10,50,-15,0,50,-15,10,50,-15,0,50,-15,10,60,-15,0,60,-15,20,10,-15,10,10,-15,20,20,-15,10,20,-15,20,1e-06,15,10,1e-06,15,20,10,15,10,10,15,20,20,-5,20,20,5,10,20,5,10,20,-5,20,10,5,20,10,15,10,10,15,10,10,5,20,40,-15,10,40,-15,20,50,-15,10,50,-15,20,50,-15,10,50,-15,20,60,-15,10,60,-15,30,30,-15,20,30,-15,30,40,-15,20,40,-15,30,20,-15,20,20,-15,30,30,-15,20,30,-15,30,10,-15,20,10,-15,30,20,-15,20,20,-15,30,30,-5,30,30,5,20,30,5,20,30,-5,20,0,5,20,1e-06,15,30,1e-06,15,30,0,5,30,40,-15,20,40,-15,30,50,-15,20,50,-15,30,50,-15,20,50,-15,30,60,-15,20,60,-15,40,30,-15,30,30,-15,40,40,-15,30,40,-15,40,20,-15,30,20,-15,40,30,-15,30,30,-15,40,10,-15,30,10,-15,40,20,-15,30,20,-15,40,1e-06,15,30,1e-06,15,40,10,15,30,10,15,40,30,-5,40,30,5,30,30,5,30,30,-5,40,10,5,40,10,15,30,10,15,30,10,5,40,40,-15,30,40,-15,40,50,-15,30,50,-15,40,50,-15,30,50,-15,40,60,-15,30,60,-15,50,30,-25,40,30,-25,50,40,-25,40,40,-25,50,20,-15,40,20,-15,50,30,-15,40,30,-15,50,10,-15,40,10,-15,50,20,-15,40,20,-15,50,10,-5,50,10,5,40,10,5,40,10,-5,50,10,-15,50,10,-5,40,10,-5,40,10,-15,50,40,-15,40,40,-15,50,50,-15,40,50,-15,50,50,-15,40,50,-15,50,60,-15,40,60,-15,60,30,-15,50,30,-15,60,40,-15,50,40,-15,60,20,-15,50,20,-15,60,30,-15,50,30,-15,60,10,-15,50,10,-15,60,20,-15,50,20,-15,50,-10,5,50,-10,15,50,0,5,50,1e-06,15,60,10,-5,60,10,5,50,10,5,50,10,-5,50,0,5,40,0,5,50,10,5,40,10,5,60,10,-15,60,10,-5,50,10,-5,50,10,-15,60,40,-15,50,40,-15,60,50,-15,50,50,-15,60,50,-15,50,50,-15,60,60,-15,50,60,-15,40,10,15,40,10,5,40,1e-06,15,40,0,5,10,20,-5,10,20,5,10,10,-5,10,10,5,20,10,5,10,10,5,20,20,5,10,20,5,30,10,5,20,10,5,30,20,5,20,20,5,40,10,5,30,10,5,40,20,5,30,20,5,40,20,5,30,20,5,40,30,5,30,30,5,30,20,5,20,20,5,30,30,5,20,30,5,20,30,-5,20,30,5,20,20,-5,20,20,5,40,20,-5,40,20,5,40,30,-5,40,30,5,40,10,-5,40,10,5,40,20,-5,40,20,5,40,30,-25,40,30,-15,40,40,-25,40,40,-15,50,30,-15,50,30,-25,50,40,-15,50,40,-25,50,30,-25,50,30,-15,40,30,-15,40,30,-25,20,0,5,20,1e-06,15,20,10,5,20,10,15,30,1e-06,15,30,0,5,30,10,15,30,10,5,40,10,-15,40,10,-5,30,10,-5,30,10,-15,20,-10,15,20,-10,5,20,1e-06,15,20,0,5,30,-10,5,30,-10,15,30,0,5,30,1e-06,15,30,-10,15,20,-10,15,30,1e-06,15,20,1e-06,15,50,1e-06,15,50,0,5,50,10,15,50,10,5,20,30,-15,20,30,-25,20,40,-15,20,40,-25,10,30,-15,10,30,-25,10,20,-15,10,20,-25,10,30,-25,20,30,-25,10,20,-25,20,20,-25,20,20,-15,20,20,-25,20,30,-15,20,30,-25,20,20,-25,20,20,-15,10,20,-15,10,20,-25],
    "name": "Cube.004Geometry",
    "metadata": {
        "type": "Geometry",
        "normals": 7,
        "vertices": 324,
        "version": 3,
        "faces": 81,
        "generator": "io_three",
        "uvs": 1
    },
    "faces": [41,0,2,3,1,2,3,0,1,0,0,0,0,41,7,4,5,6,4,5,6,7,1,1,1,2,41,11,8,9,10,4,5,6,7,1,1,1,2,41,15,12,13,14,4,5,6,7,1,1,1,2,41,19,17,16,18,0,1,2,3,3,3,3,3,41,20,22,23,21,0,1,2,3,3,3,3,3,41,27,25,24,26,0,1,2,3,3,3,3,3,41,31,28,29,30,4,5,6,7,1,1,1,2,41,35,33,32,34,0,1,2,3,4,4,4,4,41,36,39,38,37,4,5,6,7,1,1,1,2,41,43,41,40,42,0,1,2,3,3,3,3,3,41,44,46,47,45,0,1,2,3,3,3,3,3,41,48,50,51,49,0,1,2,3,3,3,3,3,41,52,54,55,53,0,1,2,3,3,3,3,3,41,56,58,59,57,8,9,10,11,3,3,3,3,41,60,63,62,61,4,5,6,7,1,1,1,1,41,64,67,66,65,12,13,14,15,1,1,1,2,41,68,70,71,69,8,9,10,11,3,3,3,3,41,72,74,75,73,0,1,2,3,3,3,3,3,41,76,78,79,77,0,1,2,3,3,3,3,3,41,80,82,83,81,0,1,2,3,3,3,3,3,41,84,87,86,85,16,17,18,19,1,1,1,2,41,88,91,90,89,4,5,6,7,1,1,1,2,41,92,94,95,93,0,1,2,3,3,3,3,3,41,96,98,99,97,0,1,2,3,3,3,3,3,41,100,102,103,101,0,1,2,3,3,3,3,3,41,104,106,107,105,0,1,2,3,3,3,3,3,41,108,110,111,109,0,1,2,3,3,3,3,3,41,112,115,114,113,16,17,18,19,1,1,1,2,41,119,116,117,118,4,5,6,7,1,1,1,2,41,120,122,123,121,0,1,2,3,3,3,3,3,41,124,126,127,125,0,1,2,3,3,3,3,3,41,128,130,131,129,0,1,2,3,3,3,3,3,41,132,134,135,133,0,1,2,3,3,3,3,3,41,136,138,139,137,0,1,2,3,3,3,3,3,41,140,142,143,141,0,1,2,3,3,3,3,3,41,144,147,146,145,4,5,6,7,1,1,1,2,41,148,151,150,149,4,5,6,7,1,1,1,2,41,152,154,155,153,8,9,10,11,3,3,3,3,41,156,158,159,157,0,1,2,3,3,3,3,3,41,160,162,163,161,0,1,2,3,3,3,3,3,41,164,166,167,165,0,1,2,3,3,3,3,3,41,168,170,171,169,0,1,2,3,3,3,3,3,41,172,175,174,173,4,5,6,7,1,1,1,1,41,176,179,178,177,4,5,6,7,1,1,1,2,41,180,182,183,181,8,9,10,11,3,3,3,3,41,184,186,187,185,0,1,2,3,3,3,3,3,41,188,190,191,189,8,9,10,11,3,3,3,3,41,192,194,195,193,8,9,10,11,3,3,3,3,41,196,198,199,197,8,9,10,11,3,3,3,3,41,200,202,203,201,0,1,2,3,0,0,0,0,41,204,207,206,205,4,5,6,7,1,1,1,1,41,208,210,211,209,0,1,2,3,3,3,3,3,41,212,215,214,213,4,5,6,7,1,1,1,2,41,216,218,219,217,8,9,10,11,3,3,3,3,41,220,222,223,221,0,1,2,3,3,3,3,3,41,227,225,224,226,0,1,2,3,0,0,5,0,41,231,229,228,230,20,21,22,23,4,4,4,6,41,232,234,235,233,24,21,22,23,3,3,3,3,41,236,238,239,237,20,21,22,23,3,3,3,3,41,240,242,243,241,20,21,22,23,3,3,3,3,41,244,246,247,245,0,1,2,3,3,3,3,3,41,248,250,251,249,20,21,22,23,3,3,3,3,41,255,253,252,254,20,21,22,23,4,4,4,4,41,256,258,259,257,0,1,2,3,0,0,5,0,41,260,262,263,261,20,21,22,23,5,0,0,0,41,264,266,267,265,0,1,2,3,0,0,0,0,41,268,270,271,269,0,1,2,3,4,4,4,4,41,272,275,274,273,4,5,6,7,1,1,1,2,41,276,278,279,277,0,1,2,3,0,0,5,0,41,280,282,283,281,0,1,2,3,4,4,4,4,41,284,287,286,285,4,5,6,7,1,1,1,2,41,288,290,291,289,0,1,2,3,4,4,4,4,41,292,294,295,293,0,1,2,3,0,0,0,0,41,296,298,299,297,0,1,2,3,3,3,3,3,41,300,302,303,301,0,1,2,3,4,4,4,4,41,304,306,307,305,0,1,2,3,4,4,4,4,41,311,309,308,310,0,1,2,3,0,0,5,0,41,315,313,312,314,0,1,2,3,3,3,3,3,41,316,318,319,317,0,1,2,3,4,4,4,4,41,320,323,322,321,4,5,6,7,1,1,1,2],
    "uvs": [[0.250164,0.875347,0.250164,1.00016,0.125154,1.00016,0.125154,0.875347,0.249656,0.875929,0.249656,0.999196,0.125286,0.999196,0.125286,0.875929,0.500164,0.875347,0.500164,1.00016,0.375154,1.00016,0.375154,0.875347,0.499656,0.875929,0.499656,0.999196,0.375286,0.999196,0.375286,0.875929,0.999656,0.875929,0.999656,0.999196,0.875286,0.999196,0.875286,0.875929,1.00016,0.875347,1.00016,1.00016,0.875154,1.00016,0.875154,0.875347,1.00016,0.875347]]
}