{
    "normals": [0,0,1,0,1,0,0,0.999969,0,-1,0,0,1,0,0,0.999969,0,0,-0.999969,0,0],
    "vertices": [50,10,15,60,10,15,50,1e-06,15,60,1e-06,15,10,10,5,10,10,15,0,10,15,0,10,5,10,10,-5,10,10,5,0,10,5,0,10,-5,10,10,-15,10,10,-5,0,10,-5,0,10,-15,10,1e-06,15,0,1e-06,15,10,10,15,0,10,15,20,-0,-5,20,0,5,10,0,5,10,-0,-5,20,10,-15,20,10,-5,10,10,-5,10,10,-15,30,0,5,30,1e-06,15,20,1e-06,15,20,0,5,30,-1e-06,-15,30,-0,-5,20,-0,-5,20,-1e-06,-15,40,10,-5,40,10,5,30,10,5,30,10,-5,40,10,-15,40,10,-5,30,10,-5,30,10,-15,40,1e-06,15,30,1e-06,15,40,10,15,30,10,15,50,10,5,50,10,15,40,10,15,40,10,5,50,10,-5,50,10,5,40,10,5,40,10,-5,50,10,-15,50,10,-5,40,10,-5,40,10,-15,50,1e-06,15,40,1e-06,15,50,10,15,40,10,15,60,10,5,60,10,15,50,10,15,50,10,5,60,10,-5,60,10,5,50,10,5,50,10,-5,60,10,-15,60,10,-5,50,10,-5,50,10,-15,30,-1e-06,-15,30,-0,-5,30,10,-15,30,10,-5,20,0,5,20,1e-06,15,10,1e-06,15,10,0,5,20,-0,-5,10,-0,-5,20,10,-5,10,10,-5,30,-0,-5,30,0,5,20,0,5,20,-0,-5,30,-1e-06,-15,20,-1e-06,-15,30,10,-15,20,10,-15,10,-0,-5,10,0,5,10,10,-5,10,10,5,30,10,-5,30,10,5,30,-0,-5,30,0,5,10,0,5,10,-0,-5,10,-10,5,10,-10,-5,20,10,-5,20,10,-15,20,-0,-5,20,-1e-06,-15,10,10,15,10,10,5,10,1e-06,15,10,0,5,30,10,5,30,10,15,30,0,5,30,1e-06,15,20,1e-06,15,30,1e-06,15,20,-10,15,30,-10,15,30,-10,5,30,-10,15,30,0,5,30,1e-06,15,30,-10,-5,30,-10,5,30,-0,-5,30,0,5,10,1e-06,15,20,1e-06,15,10,-10,15,20,-10,15,10,1e-06,15,10,0,5,10,-10,15,10,-10,5,30,20,15,40,20,15,30,10,15,40,10,15,30,30,15,40,30,15,30,20,15,40,20,15,40,10,5,40,10,15,40,20,5,40,20,15,30,10,5,30,10,15,30,20,5,30,20,15,30,20,5,30,20,15,30,30,5,30,30,15,40,20,5,40,20,15,40,30,5,40,30,15,30,30,5,30,30,15,40,30,15,40,30,5],
    "name": "Cube.005Geometry",
    "metadata": {
        "type": "Geometry",
        "normals": 7,
        "vertices": 168,
        "version": 3,
        "faces": 42,
        "generator": "io_three",
        "materials": 1,
        "uvs": 1
    },
    "faces": [43,0,2,3,1,0,2,3,0,1,0,0,0,0,43,4,7,6,5,0,4,5,6,7,1,1,1,2,43,8,11,10,9,0,4,5,6,7,1,1,1,1,43,12,15,14,13,0,4,5,6,7,1,1,1,2,43,16,18,19,17,0,8,9,10,11,0,0,0,0,43,20,23,22,21,0,12,13,14,15,1,1,1,2,43,24,27,26,25,0,4,5,6,7,1,1,1,2,43,28,31,30,29,0,12,13,14,15,1,1,1,2,43,32,35,34,33,0,4,5,6,7,1,1,1,2,43,36,39,38,37,0,4,5,6,7,1,1,1,1,43,40,43,42,41,0,4,5,6,7,1,1,1,2,43,44,46,47,45,0,8,9,10,11,0,0,0,0,43,48,51,50,49,0,12,13,14,15,1,1,1,2,43,52,55,54,53,0,12,13,14,15,1,1,1,1,43,56,59,58,57,0,4,5,6,7,1,1,1,2,43,60,62,63,61,0,0,1,2,3,0,0,0,0,43,64,67,66,65,0,12,13,14,15,1,1,1,2,43,68,71,70,69,0,4,5,6,7,1,1,1,1,43,72,75,74,73,0,4,5,6,7,1,1,1,2,43,76,77,79,78,0,8,11,10,9,3,3,3,3,43,80,83,82,81,0,4,5,6,7,1,1,1,2,43,84,86,87,85,0,0,1,2,3,0,0,0,0,43,88,91,90,89,0,4,5,6,7,1,1,1,2,43,92,94,95,93,0,8,9,10,11,0,0,0,0,43,96,98,99,97,0,8,9,10,11,4,4,5,4,43,103,101,100,102,0,8,9,10,11,3,3,3,3,43,107,106,104,105,0,8,11,10,9,3,3,3,3,43,111,109,108,110,0,8,9,10,11,4,4,4,4,43,115,113,112,114,0,8,9,10,11,4,4,5,4,43,119,117,116,118,0,8,9,10,11,3,3,3,3,43,123,121,120,122,0,0,1,2,3,0,0,0,0,43,124,126,127,125,0,0,1,2,3,4,4,4,4,43,128,130,131,129,0,8,9,10,11,4,4,4,4,43,135,133,132,134,0,8,9,10,11,0,0,0,0,43,139,138,136,137,0,8,11,10,9,3,3,3,3,43,143,141,140,142,0,16,17,18,19,0,0,0,0,43,147,145,144,146,0,16,17,18,19,0,0,0,0,43,148,150,151,149,0,16,17,18,19,4,4,5,4,43,152,153,155,154,0,16,19,18,17,3,3,6,3,43,156,157,159,158,0,16,19,18,17,3,3,6,3,43,160,162,163,161,0,16,17,18,19,4,4,5,4,43,167,164,165,166,0,20,21,22,23,1,1,1,2],
    "materials": [{
        "opacity": 1,
        "visible": true,
        "colorSpecular": [0.5,0.5,0.5],
        "blending": "NormalBlending",
        "colorDiffuse": [0.64,0.64,0.64],
        "DbgIndex": 0,
        "colorEmissive": [0,0,0],
        "depthWrite": true,
        "DbgColor": 15658734,
        "wireframe": false,
        "DbgName": "Material",
        "shading": "phong",
        "specularCoef": 50,
        "depthTest": true,
        "colorAmbient": [0.64,0.64,0.64],
        "transparent": false
    }],
    "uvs": [[0.125164,0.625347,0.125164,0.750164,0.000154,0.750164,0.000154,0.625347,0.999656,0.750929,0.999656,0.874196,0.875286,0.874196,0.875286,0.750929,1.00016,0.750347,1.00016,0.875164,0.875154,0.875164,0.875154,0.750347,0.124656,0.625929,0.124656,0.749196,0.000286,0.749196,0.000286,0.625929,0.237663,0.512829,0.237663,0.612682,0.137655,0.612682,0.137655,0.512829,0.362219,0.513256,0.362219,0.611869,0.262723,0.611869,0.262723,0.513256]]
}