{
    "normals": [-1,0,0,-0.999969,0,0,0,1,0,0,0.999969,0,0,0,1,0,0.707083,0.707083,1,0,0,0.999969,0,0],
    "faces": [41,0,2,3,1,0,1,2,3,0,1,0,0,41,7,5,4,6,0,1,2,3,0,0,0,0,41,8,11,10,9,4,5,6,7,2,2,2,2,41,12,15,14,13,4,5,6,7,2,2,2,3,41,21,18,17,20,8,9,10,11,4,5,5,4,41,19,16,17,18,4,5,6,7,2,2,5,5,41,22,25,24,23,12,13,14,15,2,2,2,3,41,26,29,28,27,16,17,18,19,2,2,2,2,41,30,33,32,31,16,17,18,19,2,2,2,3,41,35,36,37,34,20,21,22,23,4,4,4,4,41,40,43,42,41,24,25,26,27,2,2,5,5,41,38,41,42,39,20,21,22,23,4,5,5,4,41,46,49,48,47,4,5,6,7,2,2,5,5,41,44,47,48,45,0,1,2,3,4,5,5,4,41,50,53,52,51,16,17,18,19,2,2,2,2,41,54,57,56,55,4,5,6,7,2,2,2,3,41,58,61,60,59,16,17,18,19,2,2,2,3,41,62,65,64,63,24,25,26,27,2,2,2,3,41,68,71,70,69,16,17,18,19,2,2,5,5,41,66,69,70,67,20,21,22,23,4,5,5,4,41,72,75,74,73,12,13,14,15,2,2,2,2,41,78,81,80,79,12,13,14,15,2,2,5,5,41,76,79,80,77,28,29,30,31,4,5,5,4,41,82,92,93,85,32,33,34,35,0,0,0,0,41,87,83,84,86,4,5,6,7,2,2,2,3,41,91,88,89,90,36,37,38,39,2,2,2,3,41,97,96,94,95,32,35,34,33,6,6,6,6,41,98,100,101,99,32,33,34,35,4,4,4,4,41,105,102,103,104,4,5,6,7,2,2,2,2,41,106,107,109,108,0,3,2,1,6,6,6,6,41,110,111,113,112,20,23,22,21,6,6,6,7,41,114,115,117,116,0,3,2,1,6,7,6,7,41,118,120,121,119,0,1,2,3,0,1,0,1,41,122,124,125,123,0,1,2,3,4,4,4,4,41,126,128,129,127,8,9,10,11,4,4,4,4,41,130,132,133,131,8,9,10,11,0,1,0,0,41,134,135,137,136,8,11,10,9,6,6,6,7],
    "vertices": [50,-0,-5,50,-1e-06,-15,50,10,-5,50,10,-15,50,10,5,50,10,15,50,0,5,50,1e-06,15,60,10,-5,60,10,5,50,10,5,50,10,-5,60,10,-15,60,10,-5,50,10,-5,50,10,-15,50,10,5,50,10,15,60,10,15,60,10,5,50,1e-06,15,60,1e-06,15,50,0,5,50,1e-06,15,40,1e-06,15,40,0,5,50,10,-5,50,10,5,40,10,5,40,10,-5,50,-1e-06,-15,50,-0,-5,40,-0,-5,40,-1e-06,-15,40,0,5,50,0,5,50,10,5,40,10,5,30,1e-06,15,20,1e-06,15,30,10,5,30,10,15,20,10,15,20,10,5,40,1e-06,15,30,1e-06,15,40,10,5,40,10,15,30,10,15,30,10,5,30,10,-5,30,10,5,20,10,5,20,10,-5,40,20,-5,40,20,5,30,20,5,30,20,-5,30,10,-15,30,10,-5,20,10,-5,20,10,-15,40,10,-15,40,10,-5,30,10,-5,30,10,-15,10,1e-06,15,0,1e-06,15,10,10,5,10,10,15,0,10,15,0,10,5,20,10,-5,20,10,5,10,10,5,10,10,-5,20,1e-06,15,10,1e-06,15,20,10,5,20,10,15,10,10,15,10,10,5,10,10,-5,0,10,-15,0,10,-5,10,10,-15,10,10,-5,10,10,-15,10,20,-15,10,20,-5,20,20,-5,20,20,-15,10,20,-5,10,20,-15,20,20,-15,20,20,-5,20,10,-15,20,10,-5,20,10,-5,10,10,-5,20,20,-5,10,20,-5,0,10,-5,0,10,5,10,10,5,10,10,-5,40,1e-06,15,40,0,5,40,10,15,40,10,5,40,-0,-5,40,-1e-06,-15,40,10,-5,40,10,-15,40,10,5,40,10,-5,40,20,5,40,20,-5,30,10,5,30,10,-5,30,20,5,30,20,-5,40,10,5,30,10,5,40,20,5,30,20,5,50,-10,15,40,-10,15,50,1e-06,15,40,1e-06,15,40,-10,15,40,-10,5,40,1e-06,15,40,0,5,50,-10,15,50,-10,5,50,1e-06,15,50,0,5],
    "metadata": {
        "type": "Geometry",
        "faces": 37,
        "vertices": 138,
        "generator": "io_three",
        "version": 3,
        "normals": 8,
        "uvs": 1
    },
    "uvs": [[0.125164,0.875347,0.125164,1.00016,0.000154,1.00016,0.000154,0.875347,0.124656,0.875929,0.124656,0.999196,0.000286,0.999196,0.000286,0.875929,0.250164,0.875347,0.250164,1.00016,0.125154,1.00016,0.125154,0.875347,0.499656,0.875929,0.499656,0.999196,0.375286,0.999196,0.375286,0.875929,0.249656,0.625929,0.249656,0.749196,0.125286,0.749196,0.125286,0.625929,0.375164,0.875347,0.375164,1.00016,0.250154,1.00016,0.250154,0.875347,0.874656,0.750929,0.874656,0.874196,0.750286,0.874196,0.750286,0.750929,0.500164,0.875347,0.500164,1.00016,0.375154,1.00016,0.375154,0.875347,0.125164,0.750347,0.125164,0.875164,0.000154,0.875164,0.000154,0.750347,0.249656,0.750929,0.249656,0.874196,0.125286,0.874196,0.125286,0.750929]],
    "name": "Cube.006Geometry"
}