{
    "normals": [0,0,1,-0.707083,0,0.707083,-1,0,0,0,1,0,0,0.707083,0.707083,1,0,0,0,0.999969,0,0.707083,0.707083,0,0.577349,0.577349,0.577349,-0.707083,0.707083,0,-0.577349,0.577349,0.577349,0.707083,0,0.707083,0.999969,0,0,0,-1,0,0,-0.999969,0,-0.999969,0,0],
    "vertices": [20,20,-5,20,20,-5,10,10,-15,10,20,-15,10,20,-5,10,10,-5,20,10,-5,10,1e-06,15,0,1e-06,15,10,10,5,10,10,15,0,10,15,0,10,5,30,1e-06,15,30,10,15,30,10,5,30,0,5,20,0,5,10,0,5,20,10,5,10,10,5,20,10,5,30,10,5,20,0,5,30,0,5,40,1e-06,15,30,1e-06,15,40,10,5,40,10,15,30,10,15,30,10,5,50,1e-06,15,40,1e-06,15,50,10,5,50,10,15,40,10,15,40,10,5,10,10,-5,10,10,5,0,10,5,0,10,-5,20,10,-5,20,10,5,10,10,5,10,10,-5,30,10,-5,30,10,5,20,10,5,20,10,-5,40,10,-5,40,10,5,30,10,5,30,10,-5,50,20,-5,50,20,5,40,20,5,40,20,-5,40,10,-15,40,10,-5,30,10,-5,30,10,-15,50,10,-15,50,10,-5,40,10,-5,40,10,-15,10,10,15,10,10,5,10,0,5,10,1e-06,15,10,20,-5,10,20,-15,20,30,-5,10,30,-5,10,30,-15,20,30,5,10,30,5,10,30,-5,20,40,-5,20,40,5,10,40,5,10,40,-5,30,30,-5,30,30,5,20,30,5,30,40,-5,30,40,5,20,40,5,20,40,-5,20,50,-25,40,40,-25,40,40,-15,40,30,-5,40,30,-15,10,30,-5,0,30,-5,0,30,-15,10,40,-15,10,40,-5,0,40,-5,0,40,-15,10,40,-15,10,40,-5,10,50,-15,10,50,-25,10,50,-15,10,50,-5,20,50,-15,30,50,-15,40,40,-5,20,40,-5,10,40,-5,10,40,-15,20,50,-15,20,50,-5,10,50,-5,10,50,-15,30,40,-15,30,40,-5,20,40,-5,40,30,-15,30,50,-15,30,50,-5,20,50,-5,20,50,-15,30,40,-15,30,50,-25,30,40,-25,20,50,-15,40,40,-15,40,30,-25,30,50,-15,30,50,-25,20,50,-25,10,40,-15,10,40,-25,10,50,-15,10,50,-25,30,20,-5,30,20,-15,30,30,-15,30,30,-5,30,20,-5,20,20,-5,30,30,-5,20,30,-5,30,20,-5,20,20,-5,20,10,-5,30,10,-5,30,10,-5,30,10,-15,30,20,-15,30,20,-5,40,30,-5,30,30,-5,40,40,-5,30,40,-5,40,40,-15,40,40,-5,30,40,-5,30,40,-15,40,40,-25,40,40,-15,30,40,-15,30,40,-25,20,30,-5,20,30,5,30,30,5,30,30,-5,10,30,-5,10,30,5,20,30,5,20,30,-5,60,1e-06,15,50,1e-06,15,60,10,5,60,10,15,50,10,15,50,10,5,60,10,-15,60,10,-5,50,10,-5,50,10,-15,60,10,-5,60,10,5,50,10,5,50,10,-5,10,10,-15,10,10,-5,0,10,-5,0,10,-15,40,10,-5,40,20,-5,40,20,5,40,10,5,50,10,-5,50,20,-5,50,20,5,50,10,5,50,10,5,40,10,5,50,20,5,40,20,5,20,-10,15,10,-10,15,20,1e-06,15,10,1e-06,15,10,-10,15,10,-10,5,10,1e-06,15,10,0,5,20,0,5,20,1e-06,15,10,1e-06,15,10,0,5,30,-10,15,20,-10,15,30,1e-06,15,20,1e-06,15,30,-10,15,30,-10,5,30,1e-06,15,30,0,5,30,0,5,30,1e-06,15,20,1e-06,15,20,0,5],
    "name": "Cube.009Geometry",
    "metadata": {
        "type": "Geometry",
        "normals": 16,
        "vertices": 227,
        "version": 3,
        "faces": 66,
        "generator": "io_three",
        "uvs": 1
    },
    "faces": [41,0,71,72,69,0,1,2,3,0,0,1,1,41,69,72,73,70,0,1,2,3,1,1,2,2,41,5,4,3,2,0,1,2,3,1,1,2,2,41,6,1,4,5,0,1,2,3,0,0,1,1,41,9,12,11,10,4,5,6,7,3,3,4,4,41,7,10,11,8,8,9,10,11,0,4,4,0,41,67,66,65,68,8,9,10,11,5,5,5,5,41,13,14,15,16,8,9,10,11,2,2,2,2,41,17,19,20,18,8,9,10,11,0,0,0,0,41,24,22,21,23,8,9,10,11,0,0,0,0,41,27,30,29,28,4,5,6,7,3,3,4,4,41,25,28,29,26,8,9,10,11,0,4,4,0,41,33,36,35,34,12,13,14,15,3,3,4,4,41,31,34,35,32,8,9,10,11,0,4,4,0,41,37,40,39,38,4,5,6,7,3,3,3,3,41,41,44,43,42,12,13,14,15,3,3,3,3,41,45,48,47,46,12,13,14,15,3,3,3,3,41,49,52,51,50,12,13,14,15,3,3,3,3,41,53,56,55,54,4,5,6,7,3,3,3,6,41,57,60,59,58,12,13,14,15,3,3,3,6,41,61,64,63,62,4,5,6,7,3,3,3,6,41,84,87,86,85,16,17,18,19,7,3,4,8,41,77,80,79,78,16,17,18,19,3,9,10,4,41,74,78,79,75,20,21,22,23,0,4,10,1,41,75,79,80,76,20,21,22,23,1,10,9,2,41,81,84,85,82,20,21,22,23,5,7,8,11,41,82,85,86,83,20,21,22,23,11,8,4,0,41,129,89,128,119,20,21,22,23,5,5,12,5,41,131,88,106,107,16,17,18,19,3,3,3,6,41,96,99,98,97,16,17,18,19,3,9,10,4,41,92,90,108,91,20,21,22,23,5,5,5,5,41,93,97,98,94,20,21,22,23,0,4,10,1,41,94,98,99,95,20,21,22,23,1,10,9,2,41,100,104,105,101,20,21,22,23,5,5,5,12,41,112,115,114,113,16,17,18,19,3,9,10,4,41,126,125,130,124,20,21,22,23,5,5,5,5,41,109,113,114,110,20,21,22,23,0,4,10,1,41,110,114,115,111,20,21,22,23,1,10,9,2,41,120,123,122,121,16,17,18,19,7,3,4,8,41,116,120,121,117,20,21,22,23,5,7,8,11,41,117,121,122,118,20,21,22,23,11,8,4,0,41,132,103,102,127,16,17,18,19,3,3,3,6,41,133,135,136,134,20,21,22,23,2,2,2,2,41,138,139,140,137,0,1,2,3,5,5,5,5,41,141,143,144,142,0,1,2,3,0,0,0,0,41,148,145,146,147,0,1,2,3,0,0,0,0,41,150,151,152,149,0,1,2,3,5,5,5,12,41,153,155,156,154,20,21,22,23,0,0,0,0,41,157,160,159,158,16,17,18,19,3,3,3,6,41,161,164,163,162,16,17,18,19,3,3,3,6,41,168,167,166,165,16,19,18,17,13,14,13,13,41,172,171,170,169,16,19,18,17,13,14,13,13,41,175,178,177,176,24,25,26,27,3,3,4,4,41,173,176,177,174,28,29,30,31,0,4,4,0,41,179,182,181,180,24,25,26,27,3,3,3,6,41,183,186,185,184,4,5,6,7,3,3,3,3,41,187,190,189,188,24,25,26,27,3,3,3,6,41,194,193,192,191,8,9,10,11,2,15,2,15,41,198,195,196,197,8,11,10,9,5,12,5,12,41,199,201,202,200,8,9,10,11,0,0,0,0,41,203,205,206,204,8,9,10,11,0,0,0,0,41,207,209,210,208,28,29,30,31,2,15,2,2,41,211,214,213,212,12,13,14,15,3,3,3,6,41,215,217,218,216,8,9,10,11,0,0,0,0,41,219,220,222,221,8,11,10,9,5,5,5,12,41,223,226,225,224,12,13,14,15,3,3,3,6],
    "uvs": [[0.125164,0.750347,0.125164,0.875164,0.000154,0.875164,0.000154,0.750347,0.874656,0.750929,0.874656,0.874196,0.750286,0.874196,0.750286,0.750929,0.375164,0.875347,0.375164,1.00016,0.250154,1.00016,0.250154,0.875347,0.249656,0.625929,0.249656,0.749196,0.125286,0.749196,0.125286,0.625929,0.374656,0.625929,0.374656,0.749196,0.250286,0.749196,0.250286,0.625929,0.375164,0.625347,0.375164,0.750164,0.250154,0.750164,0.250154,0.625347,0.124656,0.875929,0.124656,0.999196,0.000286,0.999196,0.000286,0.875929,0.125164,0.875347,0.125164,1.00016,0.000154,1.00016,0.000154,0.875347]]
}