{
    "uvs": [[0.125164,0.625347,0.125164,0.750164,0.000154,0.750164,0.000154,0.625347,0.237663,0.512829,0.237663,0.612682,0.137655,0.612682,0.137655,0.512829,0.999656,0.750929,0.999656,0.874196,0.875286,0.874196,0.875286,0.750929,1.00016,0.750347,1.00016,0.875164,0.875154,0.875164,0.875154,0.750347,0.124656,0.875929,0.124656,0.999196,0.000286,0.999196,0.000286,0.875929,0.124656,0.625929,0.124656,0.749196,0.000286,0.749196,0.000286,0.625929,0.875154,0.875164,0.875154,0.750347,0.362219,0.513256,0.362219,0.611869,0.262723,0.611869,0.262723,0.513256]],
    "name": "Cube.009Geometry",
    "materials": [{
        "colorSpecular": [0.5,0.5,0.5],
        "depthWrite": true,
        "DbgColor": 15658734,
        "visible": true,
        "transparent": false,
        "blending": "NormalBlending",
        "shading": "phong",
        "specularCoef": 50,
        "DbgName": "Material",
        "opacity": 1,
        "wireframe": false,
        "DbgIndex": 0,
        "colorEmissive": [0,0,0],
        "depthTest": true,
        "colorAmbient": [0.64,0.64,0.64],
        "colorDiffuse": [0.64,0.64,0.64]
    }],
    "metadata": {
        "uvs": 1,
        "faces": 48,
        "materials": 1,
        "generator": "io_three",
        "type": "Geometry",
        "version": 3,
        "normals": 7,
        "vertices": 192
    },
    "faces": [43,132,134,135,133,0,0,1,2,3,0,0,0,0,43,0,2,3,1,0,2,3,0,1,1,1,1,1,43,11,9,8,10,0,0,1,2,3,1,1,2,1,43,15,13,12,14,0,0,1,2,3,0,0,0,0,43,7,5,4,6,0,0,1,2,3,3,3,3,3,43,19,17,16,18,0,0,1,2,3,0,0,0,0,43,23,21,20,22,0,0,1,2,3,0,0,0,0,43,35,33,32,34,0,4,5,6,7,0,0,0,0,43,28,31,30,29,0,8,9,10,11,4,4,4,5,43,39,37,36,38,0,0,1,2,3,1,1,2,1,43,24,25,27,26,0,0,3,2,1,3,3,3,3,43,43,42,40,41,0,0,3,2,1,1,1,1,1,43,47,45,44,46,0,12,13,14,15,0,0,0,0,43,51,48,49,50,0,16,17,18,19,4,4,4,5,43,55,52,53,54,0,16,17,18,19,4,4,4,4,43,59,56,57,58,0,8,9,10,11,4,4,4,5,43,60,62,63,61,0,12,13,14,15,3,3,3,3,43,67,64,65,66,0,20,21,22,23,4,4,4,4,43,71,69,68,70,0,12,13,14,15,0,0,0,0,43,75,72,73,74,0,8,9,10,11,4,4,4,5,43,79,76,77,78,0,8,9,10,11,4,4,4,4,43,83,80,81,82,0,8,9,10,11,4,4,4,5,43,87,85,84,86,0,0,1,2,3,0,0,0,0,43,91,88,89,90,0,20,21,22,23,4,4,4,5,43,95,92,93,94,0,8,9,10,11,4,4,4,4,43,99,96,97,98,0,20,21,22,23,4,4,4,5,43,103,101,100,102,0,12,13,14,15,0,0,0,0,43,107,104,105,106,0,20,21,22,23,4,4,4,5,43,111,108,109,110,0,20,21,22,23,4,4,4,4,43,115,112,113,114,0,8,9,10,11,4,4,4,5,43,116,117,119,118,0,0,3,2,1,3,3,6,3,43,123,121,120,122,0,12,13,14,15,1,1,1,1,43,124,126,127,125,0,12,13,24,25,0,0,0,0,43,131,129,128,130,0,12,13,24,25,0,0,0,0,43,136,138,139,137,0,12,13,14,15,3,3,3,3,43,143,141,140,142,0,0,1,2,3,0,0,0,0,43,147,146,144,145,0,12,15,14,13,1,1,1,1,43,151,149,148,150,0,12,13,14,15,3,3,3,3,43,155,153,152,154,0,4,5,6,7,0,0,0,0,43,156,158,159,157,0,4,5,6,7,1,1,1,1,43,160,161,163,162,0,4,7,6,5,3,3,3,3,43,164,165,167,166,0,4,7,6,5,3,3,6,3,43,168,170,171,169,0,4,5,6,7,1,1,2,1,43,175,172,173,174,0,26,27,28,29,4,4,4,5,43,179,177,176,178,0,12,13,14,15,0,0,0,0,43,183,180,181,182,0,8,9,10,11,4,4,4,4,43,187,184,185,186,0,20,21,22,23,4,4,4,5,43,191,188,189,190,0,8,9,10,11,4,4,4,5],
    "normals": [0,0,1,1,0,0,0.999969,0,0,-1,0,0,0,1,0,0,0.999969,0,-0.999969,0,0],
    "vertices": [30,20,-5,30,20,-15,30,10,-5,30,10,-15,20,30,-15,20,30,-5,20,20,-15,20,20,-5,30,30,-5,30,30,-15,30,20,-5,30,20,-15,20,30,-5,30,30,-5,20,20,-5,30,20,-5,20,20,-5,30,20,-5,20,10,-5,30,10,-5,10,20,-5,20,20,-5,10,10,-5,20,10,-5,10,10,-15,10,10,-5,10,20,-15,10,20,-5,50,0,5,50,1e-06,15,40,1e-06,15,40,0,5,40,20,-5,50,20,-5,40,10,-5,50,10,-5,30,10,15,30,10,5,30,1e-06,15,30,0,5,10,10,5,10,10,15,10,0,5,10,1e-06,15,50,10,15,60,10,15,50,1e-06,15,60,1e-06,15,50,10,-15,50,10,-5,60,10,-5,60,10,-15,50,10,-5,50,10,5,60,10,5,60,10,-5,50,10,5,50,10,15,60,10,15,60,10,5,50,1e-06,15,50,0,5,50,10,15,50,10,5,40,10,-5,40,10,5,50,10,5,50,10,-5,30,10,5,40,10,5,30,0,5,40,0,5,30,10,-15,30,10,-5,40,10,-5,40,10,-15,30,10,-5,30,10,5,40,10,5,40,10,-5,30,0,5,30,1e-06,15,40,1e-06,15,40,0,5,20,10,15,30,10,15,20,1e-06,15,30,1e-06,15,20,30,-15,20,30,-5,30,30,-5,30,30,-15,20,10,-5,20,10,5,30,10,5,30,10,-5,20,10,5,20,10,15,30,10,15,30,10,5,10,1e-06,15,20,1e-06,15,10,-10,15,20,-10,15,10,20,-15,10,20,-5,20,20,-5,20,20,-15,10,10,-5,10,10,5,20,10,5,20,10,-5,10,0,5,10,1e-06,15,20,1e-06,15,20,0,5,20,0,5,20,1e-06,15,20,10,5,20,10,15,50,1e-06,15,50,0,5,50,-10,15,50,-10,5,50,-10,15,40,-10,15,50,1e-06,15,40,1e-06,15,30,1e-06,15,40,1e-06,15,30,-10,15,40,-10,15,10,1e-06,15,0,1e-06,15,10,10,15,0,10,15,30,-10,15,30,-10,5,30,1e-06,15,30,0,5,10,10,5,20,10,5,10,0,5,20,0,5,20,0,5,20,1e-06,15,20,-10,5,20,-10,15,10,0,5,10,1e-06,15,10,-10,5,10,-10,15,40,30,-5,50,30,-5,40,20,-5,50,20,-5,50,10,-15,50,10,-5,50,20,-15,50,20,-5,40,10,-15,40,10,-5,40,20,-15,40,20,-5,40,20,-15,40,20,-5,40,30,-15,40,30,-5,50,20,-15,50,20,-5,50,30,-15,50,30,-5,40,30,-15,40,30,-5,50,30,-5,50,30,-15,40,10,5,50,10,5,40,0,5,50,0,5,0,10,-5,0,10,5,10,10,5,10,10,-5,0,10,5,0,10,15,10,10,15,10,10,5,0,10,-15,0,10,-5,10,10,-5,10,10,-15]
}