{
    "uvs": [[0.757901,0.529887,0.735964,0.471028,0.764501,0.471028,0.756246,0.532833,0.789904,0.483994,0.754451,0.53532,0.80697,0.50694,0.752229,0.537367,0.812439,0.535103,0.749633,0.538876,0.805436,0.563036,0.746771,0.539766,0.787457,0.585567,0.743746,0.54004,0.761976,0.598789,0.740669,0.539719,0.733475,0.598707,0.741897,0.537028,0.708176,0.585704,0.743657,0.534663,0.691231,0.562857,0.745783,0.532608,0.685808,0.5349,0.748391,0.531089,0.692733,0.507145,0.751291,0.530227,0.71955,0.928261,0.514781,0.981745,0.307085,0.941087,0.137597,0.814339,0.039888,0.626605,0.033309,0.415069,0.119165,0.221627,0.28045,0.084593,0.485219,0.031108,0.692915,0.071766,0.862403,0.198514,0.960112,0.386247,0.966691,0.597784,0.880835,0.791226,0.754489,0.529832,0.710587,0.48455,0.475478,0.981342,0.271848,0.923671,0.113407,0.78336,0.031535,0.588198,0.042448,0.376841,0.143985,0.191149,0.316036,0.067903,0.524522,0.031511,0.728152,0.089182,0.886594,0.229494,0.968465,0.424655,0.957552,0.636013,0.856015,0.821704,0.683964,0.944951]],
    "normals": [-0.029572,-0.736351,-0.675924,-0.02945,-0.764153,0.644337,-0.352123,-0.677053,0.646199,-0.352245,-0.649251,-0.674062,-0.60506,-0.458602,0.650807,-0.605152,-0.430799,-0.669424,-0.738121,-0.152043,0.657277,-0.738243,-0.124241,-0.662984,-0.724967,0.181829,0.664296,-0.725089,0.209601,-0.655934,-0.568224,0.476943,0.670492,-0.568346,0.504746,-0.649739,-0.298929,0.674856,0.674642,-0.299051,0.702658,-0.645589,0.029572,0.736351,0.675924,0.02945,0.764153,-0.644337,0.352245,0.649251,0.674062,0.352123,0.677053,-0.646199,0.605152,0.430799,0.669424,0.60506,0.458602,-0.650807,0.738243,0.124241,0.662984,0.738121,0.152043,-0.657277,0.725089,-0.209601,0.655934,0.724967,-0.181829,-0.664296,0.568346,-0.504746,0.649739,0.568224,-0.476943,-0.670492,0.299051,-0.702658,0.645589,0.298929,-0.674856,-0.674642],
    "metadata": {
        "version": 3,
        "uvs": 1,
        "materials": 1,
        "generator": "io_three",
        "type": "Geometry",
        "normals": 28,
        "vertices": 28,
        "faces": 38
    },
    "vertices": [0.015729,1.44767,0.03764,0.015724,1.4489,-0.020814,0.187591,1.40128,0.036649,0.187586,1.40251,-0.021805,0.322299,1.28493,0.034188,0.322294,1.28616,-0.024266,0.393172,1.12166,0.030744,0.393167,1.12289,-0.02771,0.386173,0.943821,0.027,0.386168,0.945052,-0.031455,0.302688,0.786629,0.023696,0.302683,0.78786,-0.034758,0.159252,0.681219,0.021489,0.159248,0.682449,-0.036965,-0.015724,0.648467,0.020814,-0.015729,0.649698,-0.03764,-0.187586,0.694862,0.021805,-0.187591,0.696093,-0.036649,-0.322294,0.811214,0.024266,-0.322299,0.812445,-0.034188,-0.393167,0.974478,0.02771,-0.393172,0.975709,-0.030744,-0.386168,1.15232,0.031454,-0.386173,1.15355,-0.027,-0.302683,1.30951,0.034758,-0.302688,1.31074,-0.023697,-0.159247,1.41492,0.036965,-0.159252,1.41615,-0.021489],
    "faces": [43,0,1,3,2,0,0,1,2,3,0,1,2,3,43,2,3,5,4,0,3,2,4,5,3,2,4,5,43,4,5,7,6,0,5,4,6,7,5,4,6,7,43,6,7,9,8,0,7,6,8,9,7,6,8,9,43,8,9,11,10,0,9,8,10,11,9,8,10,11,43,10,11,13,12,0,11,10,12,13,11,10,12,13,43,12,13,15,14,0,13,12,14,15,13,12,14,15,43,14,15,17,16,0,15,14,16,17,15,14,16,17,43,16,17,19,18,0,17,16,18,19,17,16,18,19,43,18,19,21,20,0,19,18,20,21,19,18,20,21,43,20,21,23,22,0,21,20,22,23,21,20,22,23,43,22,23,25,24,0,23,22,24,25,23,22,24,25,42,3,7,5,0,26,38,39,2,6,4,42,11,9,7,0,36,37,38,10,8,6,42,15,13,11,0,34,35,36,14,12,10,42,19,17,15,0,32,33,34,18,16,14,42,23,21,19,0,30,31,32,22,20,18,42,27,25,23,0,28,29,30,26,24,22,42,3,1,27,0,26,27,28,2,1,26,42,3,11,7,0,26,36,38,2,10,6,42,19,15,11,0,32,34,36,18,14,10,42,27,23,19,0,28,30,32,26,22,18,42,3,27,11,0,26,28,36,2,26,10,42,27,19,11,0,28,32,36,26,18,10,43,1,0,26,27,0,1,0,40,41,1,0,27,26,43,24,25,27,26,0,25,24,41,40,25,24,26,27,42,0,24,26,0,42,54,55,0,25,27,42,20,22,24,0,52,53,54,21,23,25,42,16,18,20,0,50,51,52,17,19,21,42,12,14,16,0,48,49,50,13,15,17,42,8,10,12,0,46,47,48,9,11,13,42,4,6,8,0,44,45,46,5,7,9,42,0,2,4,0,42,43,44,0,3,5,42,0,20,24,0,42,52,54,0,21,25,42,12,16,20,0,48,50,52,13,17,21,42,4,8,12,0,44,46,48,5,9,13,42,0,4,20,0,42,44,52,0,5,21,42,4,12,20,0,44,48,52,5,13,21],
    "name": "CylinderGeometry",
    "materials": [{
        "colorDiffuse": [0.64,0.64,0.64],
        "DbgColor": 15658734,
        "colorSpecular": [0.5,0.5,0.5],
        "colorAmbient": [0.64,0.64,0.64],
        "depthWrite": true,
        "colorEmissive": [0,0,0],
        "depthTest": true,
        "blending": "NormalBlending",
        "visible": true,
        "shading": "phong",
        "DbgIndex": 0,
        "wireframe": false,
        "transparent": false,
        "opacity": 1,
        "specularCoef": 50,
        "DbgName": "Material.001"
    }]
}