{
    "name": "CubeGeometry",
    "materials": [{
        "colorDiffuse": [0.64,0.64,0.64],
        "specularCoef": 50,
        "DbgName": "Material",
        "colorSpecular": [0.5,0.5,0.5],
        "DbgIndex": 0,
        "colorEmissive": [0,0,0],
        "DbgColor": 15658734,
        "transparent": false,
        "blending": "NormalBlending",
        "depthWrite": true,
        "shading": "phong",
        "colorAmbient": [0.64,0.64,0.64],
        "opacity": 1,
        "wireframe": false,
        "visible": true,
        "depthTest": true
    }],
    "normals": [-0.577349,-0.577349,0.577349,-0.577349,-0.577349,-0.577349,0.577349,-0.577349,-0.577349,0.577349,-0.577349,0.577349,-0.577349,0.577349,0.577349,0.577349,0.577349,0.577349,0.577349,0.577349,-0.577349,-0.577349,0.577349,-0.577349],
    "faces": [43,0,1,2,3,0,0,1,2,3,0,1,2,3,43,4,7,6,5,0,4,5,6,7,4,5,6,7,43,0,4,5,1,0,8,9,10,11,0,4,7,1,43,1,5,6,2,0,8,9,10,11,1,7,6,2,43,2,6,7,3,0,8,9,10,11,2,6,5,3,43,4,0,3,7,0,10,12,13,14,4,0,3,5],
    "uvs": [[0.201272,0.947546,0.201272,0.552485,0.596334,0.552485,0.596334,0.947546,0.205143,0.44166,0.205143,0.05434,0.592464,0.05434,0.592463,0.44166,0.007792,0.603294,0.007792,0.099068,0.512019,0.099068,0.512019,0.603294,0.512019,0.603294,0.007792,0.603294,0.007792,0.099068]],
    "metadata": {
        "generator": "io_three",
        "materials": 1,
        "normals": 8,
        "faces": 6,
        "uvs": 1,
        "version": 3,
        "type": "Geometry",
        "vertices": 8
    },
    "vertices": [0.073027,0.713567,-0.073027,0.073027,0.713567,0.073027,-0.073027,0.713567,0.073027,-0.073027,0.713567,-0.073027,0.073027,0.059655,-0.073027,0.073027,0.059655,0.073027,-0.073027,0.059655,0.073027,-0.073027,0.059655,-0.073027]
}