{
    "normals": [0.020417,0,-0.999786,0.039613,0,-0.999207,0.022187,-0.828394,-0.559648,0.231239,-0.703299,-0.672201,0.022187,-0.828394,0.559648,0.231239,-0.703299,0.672201,0.039613,0,0.999207,0.020417,0,0.999786,0.022187,0.828394,0.559648,0.231239,0.703299,0.672201,0.231239,0.703299,-0.672201,0.022187,0.828394,-0.559648,0,0,1,-0.220191,-0.391552,0.893399,-0.220191,0.391552,0.893399,-0.220191,0.391552,-0.893399,-0.610462,0.687246,-0.393628,-0.610462,0.687246,0.393628,0,0,-0.999969,-0.220191,-0.391552,-0.893399,0.337779,-0.706656,-0.621693,-0.753594,-0.36021,-0.549791,-0.753594,0.36021,-0.549791,0.337779,0.706656,-0.621693,0.337779,0.706656,0.621693,-0.753594,0.36021,0.549791,0.337779,-0.706656,0.621693,-0.753594,-0.36021,0.549791,-0.426893,-0.692251,-0.581805,-0.426893,-0.692251,0.581805,-0.443281,0.679403,0.584704,-0.443281,0.679403,-0.584704,0.85345,0.02118,-0.520676,0.85345,0.02118,0.520676,-0.608997,0,-0.793146,-0.610462,-0.687246,0.393628,-0.608997,0,0.793146,-0.610462,-0.687246,-0.393628],
    "vertices": [2.71075,9.05672,-0.635939,7.8041,9.05672,-0.366669,2.71075,8.72085,-0.438938,7.8041,8.72085,-0.304303,2.71075,8.72085,-0.044935,7.8041,8.72085,-0.17957,2.71075,9.05672,0.152066,7.8041,9.05672,-0.117204,2.71075,9.39259,-0.044935,7.8041,9.39259,-0.17957,2.71075,9.39259,-0.438938,7.8041,9.39259,-0.304303,2.43989,9.05672,-0.635939,2.43989,8.72085,-0.438938,2.43989,8.72085,-0.044935,2.43989,9.05672,0.152066,2.43989,9.39259,-0.044935,2.43989,9.39259,-0.438938,2.45258,9.71249,-0.044935,2.45258,9.71249,-0.438938,2.18172,9.71249,-0.044935,2.18172,9.71249,-0.438938,2.45258,8.40094,-0.438938,2.45258,8.40094,-0.044935,2.18172,8.40094,-0.438938,2.18172,8.40094,-0.044935,7.78933,9.64871,-0.399719,7.78933,8.4793,-0.399719,7.78933,9.64871,-0.136382,7.78933,8.4793,-0.136382,9.11433,9.10587,-0.26805,9.11433,9.10587,-0.26805,2.26365,9.05672,-0.635939,2.26365,8.72085,-0.438938,2.26365,8.72085,-0.044935,2.26365,9.05672,0.152066,2.26365,9.39259,-0.044935,2.26365,9.39259,-0.438938],
    "metadata": {
        "normals": 38,
        "vertices": 38,
        "uvs": 1,
        "faces": 35,
        "type": "Geometry",
        "version": 3,
        "materials": 1,
        "generator": "io_three"
    },
    "uvs": [[0.184812,0.611066,0.322231,0.611536,0.322393,0.623162,0.184969,0.624265,0.21588,0.607744,0.302788,0.6106,0.302788,0.613245,0.21588,0.616101,0.187518,0.596523,0.330051,0.598625,0.329802,0.610683,0.187261,0.610195,0.32997,0.622742,0.187424,0.623886,0.18506,0.597885,0.322471,0.599912,0.21588,0.599377,0.302788,0.602232,0.302788,0.604878,0.21588,0.607733,0.173645,0.610204,0.173709,0.596389,0.145073,0.627432,0.145073,0.629858,0.1435,0.629858,0.1435,0.627432,0.171686,0.611075,0.171747,0.597756,0.173689,0.623961,0.171727,0.624337,0.172408,0.635289,0.159166,0.635361,0.159166,0.58662,0.172478,0.586749,0.150544,0.627432,0.150544,0.629858,0.148126,0.629858,0.148126,0.627432,0.174394,0.635321,0.160659,0.635396,0.205364,0.607733,0.205364,0.599377,0.132255,0.629858,0.132255,0.627432,0.134673,0.627432,0.134673,0.629858,0.160659,0.584837,0.174467,0.584971,0.137725,0.627432,0.137725,0.629858,0.205364,0.616101,0.205364,0.607744,0.409723,0.928325,0.407668,0.937602,0.394908,0.9121,0.402018,0.916205,0.462642,0.923222,0.398322,0.944477,0.398322,0.904807,0.420577,0.912549,0.421498,0.9121,0.398325,0.903281,0.462644,0.924541,0.398322,0.942951,0.141399,0.63107,0.139299,0.629858,0.139299,0.627432,0.141399,0.62622,0.1647,0.610201,0.164734,0.596361,0.163104,0.624364,0.163062,0.611072,0.163094,0.597729,0.164744,0.623989]],
    "materials": [{
        "opacity": 1,
        "transparent": false,
        "colorSpecular": [0.5,0.5,0.5],
        "colorAmbient": [0.64,0.64,0.64],
        "DbgName": "Material.001",
        "visible": true,
        "specularCoef": 50,
        "wireframe": false,
        "blending": "NormalBlending",
        "DbgIndex": 0,
        "shading": "phong",
        "DbgColor": 15658734,
        "colorEmissive": [0,0,0],
        "depthTest": true,
        "depthWrite": true,
        "colorDiffuse": [0.64,0.64,0.64]
    }],
    "faces": [43,0,1,3,2,0,0,1,2,3,0,1,2,3,43,2,3,5,4,0,4,5,6,7,3,2,4,5,43,4,5,7,6,0,8,9,10,11,5,4,6,7,43,6,7,9,8,0,11,10,12,13,7,6,8,9,43,1,0,10,11,0,1,0,14,15,1,0,10,11,43,8,9,11,10,0,16,17,18,19,9,8,11,10,43,4,6,15,14,0,8,11,20,21,5,7,12,13,43,16,17,37,36,0,22,23,24,25,14,15,16,17,43,10,0,12,17,0,14,0,26,27,10,0,18,15,43,6,8,16,15,0,11,13,28,20,7,9,14,12,43,13,2,22,24,0,29,3,30,31,19,3,20,21,43,10,17,21,19,0,14,27,32,33,10,15,22,23,43,0,2,13,12,0,0,3,29,26,0,3,19,18,43,18,19,21,20,0,34,35,36,37,24,23,22,25,43,16,8,18,20,0,28,13,38,39,14,9,24,25,43,8,10,19,18,0,16,19,40,41,9,10,23,24,43,17,16,20,21,0,23,22,37,36,15,14,25,22,43,22,23,25,24,0,42,43,44,45,20,26,27,21,43,4,14,25,23,0,8,21,46,47,5,13,27,26,43,14,13,24,25,0,48,49,45,44,13,19,21,27,43,2,4,23,22,0,4,7,50,51,3,5,26,20,43,27,29,28,26,0,52,53,54,55,28,29,30,31,42,30,27,26,0,56,57,58,32,28,31,43,30,31,29,27,0,59,60,53,52,32,33,29,28,42,29,31,28,0,61,62,63,29,33,30,43,26,28,31,30,0,55,54,60,59,31,30,33,32,42,32,36,37,0,64,25,24,34,17,16,42,34,35,36,0,66,67,25,35,36,17,42,32,33,34,0,64,65,66,34,37,35,42,32,34,36,0,64,66,25,34,35,17,43,14,15,35,34,0,21,20,68,69,13,12,36,35,43,12,13,33,32,0,26,29,70,71,18,19,37,34,43,17,12,32,37,0,27,26,71,72,15,18,34,16,43,15,16,36,35,0,20,28,73,68,12,14,17,36,43,13,14,34,33,0,49,48,66,65,19,13,35,37],
    "name": "Cylinder.001Geometry.1"
}