{
    "normals": [0,0,-1,0.951048,0,-0.309,0.587756,0,0.809015,-0.587786,0,0.809015,-0.587756,0,0.809015,-0.951048,0,-0.309,0.042116,0.083224,-0.995636,-0.165563,0.541948,-0.823908,0.323466,0.828333,-0.45735,0.620685,0.466018,-0.630512,0.427778,0.903867,0,0.818476,0.57448,0,0.323466,0.828333,0.45735,0.620685,0.466018,0.630512,-0.165563,0.541948,0.823908,0.042116,0.083224,0.995636,-0.733024,0.345439,0.585894,-0.591632,-0.455672,0.665059,-0.954833,0.297067,0,-0.7828,-0.622242,0,-0.733024,0.345439,-0.585925,-0.591632,-0.455672,-0.665059,-0.165563,-0.541948,-0.823908,-0.954833,-0.297067,0,-0.733024,-0.345439,-0.585925,-0.165563,-0.541948,0.823908,-0.733024,-0.345439,0.585925,0.427778,-0.903867,0,0.323466,-0.828333,0.45735,0.323466,-0.828333,-0.45735,-0.7828,0.622242,0,-0.591632,0.455672,-0.665059,-0.955931,0.293527,0,-0.670614,0.200079,-0.714286,-1,0,0,-0.689474,0,-0.724265,-0.955931,-0.293527,0,-0.670614,-0.200079,-0.714286,0.042116,-0.083224,-0.995636,0.035493,-0.022065,-0.999115,0.033601,0,-0.99942,0.035493,0.022065,-0.999115,-0.591632,0.455672,0.665059,-0.670614,0.200079,0.714286,-0.689474,0,0.724265,-0.670614,-0.200079,0.714286,0.042116,-0.083224,0.995636,0.035493,-0.022065,0.999115,0.033601,0,0.99942,0.035493,0.022065,0.999115,0.620685,-0.466018,0.630512,0.703391,-0.209021,0.679312,0.723136,0,0.690695,0.703391,0.209021,0.679312,0.818476,-0.57448,0,0.96176,-0.273782,0,1,0,0,0.96176,0.273782,0,0.620685,-0.466018,-0.630512,0.703391,-0.209021,-0.679312,0.723136,0,-0.690695,0.703391,0.209021,-0.679312,0,0,-0.999969,0.587786,0,0.809015,-0.587786,0,0.808985],
    "vertices": [-0.133787,1.84914,-0.300324,-0.133787,3.06833,-0.300324,-0.123997,1.84914,-0.29321,-0.123997,3.06833,-0.29321,-0.127737,1.84914,-0.281701,-0.127737,3.06833,-0.281701,-0.139838,1.84914,-0.281701,-0.139838,3.06833,-0.281701,-0.143578,1.84914,-0.29321,-0.143578,3.06833,-0.29321,-0.125958,1.84506,-0.332784,-0.125958,3.08957,-0.332784,-0.095035,1.84506,-0.319975,-0.095035,3.08957,-0.319975,-0.082226,1.84506,-0.289052,-0.082226,3.08957,-0.289052,-0.095035,1.84506,-0.258129,-0.095035,3.08957,-0.258129,-0.125958,1.84506,-0.24532,-0.125958,3.08957,-0.24532,-0.156881,1.84506,-0.258129,-0.156881,3.08957,-0.258129,-0.16969,1.84506,-0.289052,-0.16969,3.08957,-0.289052,-0.156881,1.84506,-0.319975,-0.156881,3.08957,-0.319975,0.107304,2.05248,-0.332784,0.203969,2.2599,-0.332784,0.232798,2.46732,-0.332784,0.203969,2.67473,-0.332784,0.107304,2.88215,-0.332784,0.138227,2.88215,-0.319975,0.234892,2.67473,-0.319975,0.263721,2.46732,-0.319975,0.234892,2.2599,-0.319975,0.138227,2.05248,-0.319975,0.151035,2.88215,-0.289052,0.2477,2.67473,-0.289052,0.27653,2.46732,-0.289052,0.2477,2.2599,-0.289052,0.151035,2.05248,-0.289052,0.138227,2.88215,-0.258129,0.234892,2.67473,-0.258129,0.263721,2.46732,-0.258129,0.234892,2.2599,-0.258129,0.138227,2.05248,-0.258129,0.107304,2.88215,-0.24532,0.203969,2.67473,-0.24532,0.232798,2.46732,-0.24532,0.203969,2.2599,-0.24532,0.107304,2.05248,-0.24532,0.076381,2.88215,-0.258129,0.173046,2.67473,-0.258129,0.201875,2.46732,-0.258129,0.173046,2.2599,-0.258129,0.076381,2.05248,-0.258129,0.063572,2.88215,-0.289052,0.160237,2.67473,-0.289052,0.189066,2.46732,-0.289052,0.160237,2.2599,-0.289052,0.063572,2.05248,-0.289052,0.076381,2.88215,-0.319975,0.173046,2.67473,-0.319975,0.201875,2.46732,-0.319975,0.173046,2.2599,-0.319975,0.076381,2.05248,-0.319975,-0.133787,2.05234,-0.300324,-0.133787,2.25554,-0.300324,-0.133787,2.45874,-0.300324,-0.133787,2.66194,-0.300324,-0.133787,2.86513,-0.300324,-0.123997,2.86513,-0.29321,-0.123997,2.66194,-0.29321,-0.123997,2.45874,-0.29321,-0.123997,2.25554,-0.29321,-0.123997,2.05234,-0.29321,-0.127737,2.86513,-0.281701,-0.127737,2.66194,-0.281701,-0.127737,2.45874,-0.281701,-0.127737,2.25554,-0.281701,-0.127737,2.05234,-0.281701,-0.139838,2.86513,-0.281701,-0.139838,2.66194,-0.281701,-0.139838,2.45874,-0.281701,-0.139838,2.25554,-0.281701,-0.139838,2.05234,-0.281701,-0.143578,2.86513,-0.29321,-0.143578,2.66194,-0.29321,-0.143578,2.45874,-0.29321,-0.143578,2.25554,-0.29321,-0.143578,2.05234,-0.29321,-0.133787,1.85536,-0.300324,-0.123997,1.85536,-0.29321,-0.123997,3.06211,-0.29321,-0.133787,3.06211,-0.300324,-0.127737,1.85536,-0.281701,-0.127737,3.06211,-0.281701,-0.139838,1.85536,-0.281701,-0.139838,3.06211,-0.281701,-0.143578,1.85536,-0.29321,-0.143578,3.06211,-0.29321],
    "name": "CylinderGeometry.111",
    "uvs": [[0.801777,0.062017,0.949387,0.05758,0.949387,0.179695,0.801777,0.170158,0.949387,0.289304,0.801777,0.284988,0.949387,0.236385,0.801777,0.250584,0.801777,0.10757,0.949387,0.087069,0.221397,0.72697,0.045854,0.751062,0.044729,0.731057,0.22087,0.716431,0.043272,0.690622,0.220552,0.693994,0.041968,0.647611,0.22051,0.670927,0.041077,0.619263,0.220633,0.658608,0.0413,0.625002,0.220948,0.665798,0.0433,0.674024,0.221446,0.691076,0.035156,-0.271329,0.2217,0.7175,0.045529,0.731652,0.576751,0.676592,0.253019,0.683205,0.262477,0.735049,0.595243,0.760114,0.937985,0.640016,0.757585,0.651623,0.757487,0.672465,0.93813,0.664711,0.578193,0.665946,0.578048,0.686039,0.399503,0.680111,0.399441,0.701532,0.263158,0.74877,0.592793,0.762856,0.757014,0.679264,0.937682,0.671892,0.577582,0.692952,0.399018,0.709121,0.549273,0.56516,0.241353,0.627223,0.93746,0.614312,0.757348,0.630468,0.578026,0.64589,0.399274,0.65909,0.535846,0.515431,0.235888,0.605416,0.93702,0.605141,0.757018,0.623036,0.577734,0.639068,0.398986,0.652329,0.540853,0.544324,0.238556,0.626105,0.936773,0.615504,0.756682,0.631993,0.57739,0.647898,0.398694,0.661979,0.556913,0.619316,0.246602,0.672995,0.936746,0.637482,0.756456,0.650813,0.577123,0.666072,0.398493,0.681193,0.576707,0.703804,0.256272,0.721979,0.93707,0.659996,0.756556,0.669809,0.577169,0.68421,0.398591,0.700155,0.045074,0.323371,0.192684,0.309172,0.192684,0.192164,0.045074,0.212665,0.344957,0.294525,0.344957,0.171015,0.497231,0.279878,0.497231,0.149867,0.649504,0.265231,0.649504,0.128718,0.192684,0.080325,0.045074,0.084762,0.344957,0.075748,0.497231,0.071171,0.649504,0.066594,0.045074,0.26286,0.192684,0.267176,0.344957,0.271629,0.497231,0.276082,0.649504,0.280535,0.045074,0.121266,0.192684,0.130804,0.344957,0.140642,0.497231,0.150481,0.649504,0.160319,0.040411,0.120965,0.040411,0.084902,0.954051,0.05744,0.954051,0.179996,0.040411,0.262723,0.954051,0.289441,0.040411,0.323819,0.954051,0.235937,0.040411,0.213312,0.954051,0.086421]],
    "metadata": {
        "version": 3,
        "uvs": 1,
        "generator": "io_three",
        "normals": 65,
        "materials": 1,
        "vertices": 101,
        "type": "Geometry",
        "faces": 100
    },