{
    "faces": [41,9,10,6,2,0,1,2,3,0,1,1,2,41,0,4,11,8,6,7,4,5,3,4,4,3,41,23,22,14,16,8,9,10,11,5,5,5,5,40,15,7,3,12,18,19,6,7,8,40,13,17,7,16,17,18,9,9,7,40,1,5,13,14,15,16,10,11,9,40,15,12,7,12,13,18,6,6,7,40,12,1,13,13,14,16,6,10,9,40,12,13,7,13,16,18,6,9,7,41,7,17,23,20,20,21,22,23,7,9,5,12,41,17,13,22,23,21,24,25,22,9,9,5,5,40,2,0,8,33,34,35,2,3,3,40,18,1,8,26,27,35,3,10,3,40,1,12,15,27,28,29,10,6,6,40,15,3,19,29,30,31,6,8,2,40,19,9,2,31,32,33,2,0,2,40,1,2,8,27,33,35,10,2,3,40,1,15,19,27,29,31,10,6,2,40,1,19,2,27,31,33,10,2,2,41,3,7,20,19,36,37,38,39,8,7,12,2,41,13,5,21,22,24,40,41,25,9,11,13,5,41,5,1,18,21,37,36,39,38,11,10,3,13,41,18,8,24,26,42,43,44,45,3,3,4,4,41,9,19,27,25,42,43,44,45,0,2,1,1,41,28,29,30,31,46,47,48,49,14,15,16,17,41,32,35,34,33,50,51,52,53,10,11,7,8,41,28,32,33,29,54,55,56,57,14,10,8,15,41,29,33,34,30,54,55,56,57,15,8,7,16,41,30,34,35,31,54,55,56,57,16,7,11,17,41,32,28,31,35,56,58,59,55,10,14,17,11],
    "normals": [-0.707053,0,-0.707144,0,0,-1,-0.707083,0,-0.707083,-0.707083,0,0.707083,0,0,1,1,0,0,-0.707083,0.707083,0,0.577349,0.577349,-0.577349,-0.577349,0.577349,-0.577349,0.707083,0.707083,0,-0.577349,0.577349,0.577349,0.577349,0.577349,0.577349,0.707083,0,-0.707083,0.707083,0,0.707083,-0.577349,-0.577349,0.577349,-0.577349,-0.577349,-0.577349,0.577349,-0.577349,-0.577349,0.577349,-0.577349,0.577349],
    "vertices": [-0.65649,-0.007331,0.552568,-0.65649,0.94605,0.552567,-0.65649,-0.007331,-0.884245,-0.65649,0.94605,-0.884245,0.321909,-0.007331,0.552568,0.60824,0.94605,0.552567,0.321909,-0.007331,-0.884245,0.60824,0.94605,-0.884245,-0.65649,0.469359,0.552567,-0.65649,0.469359,-0.884245,0.321909,0.469359,-0.884245,0.321909,0.469359,0.552567,-0.65649,0.94605,-0.046333,0.60824,0.94605,-0.046333,0.60824,0.353173,-0.046333,-0.65649,0.94605,-0.200467,0.60824,0.353173,-0.200467,0.60824,0.94605,-0.200467,-0.65649,0.686663,0.552567,-0.65649,0.686663,-0.884245,0.60824,0.686663,-0.884245,0.60824,0.686663,0.552567,0.60824,0.686663,-0.046333,0.60824,0.686663,-0.200467,0.014182,0.469359,0.552567,0.014182,0.469359,-0.884245,0.014182,0.686663,0.552567,0.014182,0.686663,-0.884245,0.073027,1.23567,-0.211606,0.073027,1.23567,-0.065552,-0.073027,1.23567,-0.065552,-0.073027,1.23567,-0.211606,0.073027,0.952485,-0.211606,0.073027,0.952485,-0.065552,-0.073027,0.952485,-0.065552,-0.073027,0.952485,-0.211606],
    "metadata": {
        "faces": 30,
        "type": "Geometry",
        "normals": 18,
        "vertices": 36,
        "version": 3,
        "uvs": 1,
        "generator": "io_three"
    },
    "uvs": [[0.253852,0.300204,0.341093,0.300204,0.341093,0.371611,0.253853,0.371611,0.341093,0.37164,0.253853,0.37164,0.253852,0.300232,0.341093,0.300232,0.417762,0.296467,0.333089,0.296467,0.333089,0.108024,0.417762,0.108024,0.12658,0.884622,0.12658,0.85918,0.12658,0.760322,0.247082,0.760322,0.247082,0.85918,0.247082,0.884622,0.247082,0.99749,0.12658,0.99749,0.492959,0.744321,0.444293,0.743586,0.444293,0.599535,0.492959,0.60027,0.42701,0.743586,0.42701,0.599535,0.449381,0.28446,0.449381,0.366316,0.386921,0.366317,0.370846,0.366317,0.299533,0.366317,0.299533,0.28446,0.299533,0.215883,0.299533,0.06545,0.449381,0.06545,0.449381,0.215883,0.38238,0.743586,0.49665,0.744321,0.49665,0.60027,0.38238,0.599535,0.378689,0.743586,0.378689,0.599535,0.252375,0.370614,0.252375,0.287235,0.343036,0.287235,0.343036,0.370614,0.945138,0.864064,0.945138,0.939806,0.869397,0.939806,0.869397,0.864064,0.205143,0.44166,0.205143,0.05434,0.592464,0.05434,0.592463,0.44166,0.807406,0.854704,0.807406,0.675589,0.986667,0.675589,0.986667,0.854704,0.986667,0.854996,0.807406,0.854996]],
    "name": "Cube.004Geometry"
}