{
    "normals": [0,1,0,0,0.707083,0.707083,0,0,1,-1,0,0,0,0.999969,0,0.707083,0.707083,0,0.577349,0.577349,0.577349,1,0,0,0.707083,0,0.707083,-0.707083,0.707083,0,-0.577349,0.577349,0.577349,-0.707083,0,0.707083,0.999969,0,0,-0.999969,0,0,0,-1,0,0,-0.999969,0],
    "vertices": [10,1e-06,15,0,1e-06,15,10,10,5,10,10,15,0,10,15,0,10,5,20,1e-06,15,10,1e-06,15,20,10,5,20,10,15,10,10,15,10,10,5,30,1e-06,15,20,1e-06,15,30,10,5,30,10,15,20,10,15,20,10,5,40,1e-06,15,30,1e-06,15,40,10,5,40,10,15,30,10,15,30,10,5,50,1e-06,15,40,1e-06,15,50,10,15,40,10,15,0,10,-5,0,20,-5,0,20,-15,0,10,-15,60,1e-06,15,50,1e-06,15,60,10,5,60,10,15,50,10,15,50,10,5,60,10,-5,60,10,5,50,10,5,50,10,-5,20,10,-5,20,10,5,10,10,5,10,10,-5,20,10,-15,20,10,-5,10,10,-5,10,10,-15,40,10,-15,40,10,-5,30,10,-5,30,10,-15,50,10,-5,50,10,5,40,10,5,40,10,-5,40,10,-5,40,10,5,30,10,5,30,10,-5,30,10,-5,30,10,5,20,10,5,20,10,-5,30,10,-15,30,10,-5,20,10,-5,20,10,-15,50,10,-15,50,10,-5,40,10,-5,40,10,-15,10,10,-5,10,10,5,0,10,5,0,10,-5,10,10,-15,10,10,-5,0,10,-5,10,20,-15,10,20,-5,0,20,-5,0,20,-15,50,10,5,50,10,15,40,10,15,40,10,5,50,20,5,50,20,15,40,20,15,40,20,5,20,20,15,10,10,5,10,20,5,10,20,15,10,10,15,20,10,15,10,30,15,10,20,15,10,20,5,10,30,5,10,30,15,0,40,25,10,40,25,20,30,15,0,30,25,10,30,25,20,30,25,10,30,25,20,40,15,20,40,25,10,40,25,10,40,15,30,30,15,30,30,25,20,30,25,30,40,15,30,40,25,20,40,25,20,40,15,20,50,-5,40,40,-5,40,40,5,40,30,15,40,30,5,10,40,5,10,40,15,0,40,15,0,40,5,10,50,5,20,50,5,10,50,5,10,50,-5,10,40,5,20,40,5,20,50,5,30,50,5,40,40,15,10,40,5,10,40,15,20,40,15,20,40,5,30,40,5,30,40,15,20,40,15,40,30,5,30,50,5,30,50,15,20,50,15,20,50,5,30,40,5,30,50,-5,30,40,-5,20,50,5,40,40,5,40,30,-5,30,50,5,30,50,-5,20,50,-5,10,40,5,10,40,-5,10,50,5,10,50,-5,10,40,-5,10,40,5,0,40,5,0,40,-5,30,20,15,20,20,15,30,30,15,20,30,15,30,20,5,30,20,15,30,30,5,30,30,15,30,20,15,20,20,15,20,10,15,30,10,15,30,10,15,30,10,5,30,20,5,30,20,15,10,20,15,20,20,15,40,30,15,30,30,15,40,40,15,30,40,15,40,40,5,40,40,15,30,40,15,30,40,5,40,40,-5,40,40,5,30,40,5,30,40,-5,10,40,15,10,40,25,0,40,25,0,40,15,20,40,15,20,40,5,20,50,15,20,50,5,30,30,-5,30,30,5,40,30,5,40,30,-5,20,30,-5,20,30,5,30,30,5,30,30,-5,10,30,-5,10,30,5,20,30,5,20,30,-5,0,30,-5,0,30,5,10,30,5,10,30,-5,60,10,-15,60,10,-5,50,10,-5,50,10,-15,0,30,5,0,30,-5,0,40,5,0,40,-5,0,30,15,0,30,5,0,40,15,0,40,5,0,30,25,0,30,15,0,40,25,0,40,15],
    "name": "Cube.010Geometry",
    "metadata": {
        "type": "Geometry",
        "normals": 16,
        "vertices": 239,
        "version": 3,
        "faces": 69,
        "generator": "io_three",
        "uvs": 1
    },
    "faces": [41,2,5,4,3,0,1,2,3,0,0,1,1,41,0,3,4,1,4,5,6,7,2,1,1,2,41,8,11,10,9,0,1,2,3,0,0,1,1,41,6,9,10,7,4,5,6,7,2,1,1,2,41,14,17,16,15,0,1,2,3,0,0,1,1,41,12,15,16,13,4,5,6,7,2,1,1,2,41,20,23,22,21,8,9,10,11,0,0,1,1,41,18,21,22,19,12,13,14,15,2,1,1,2,41,24,26,27,25,12,13,14,15,2,2,2,2,41,28,29,30,31,4,5,6,7,3,3,3,3,41,34,37,36,35,0,1,2,3,0,0,1,1,41,32,35,36,33,4,5,6,7,2,1,1,2,41,38,41,40,39,0,1,2,3,0,0,0,0,41,42,45,44,43,0,1,2,3,0,0,0,0,41,46,49,48,47,0,1,2,3,0,0,0,4,41,50,53,52,51,0,1,2,3,0,0,0,4,41,54,57,56,55,0,1,2,3,0,0,0,0,41,58,61,60,59,0,1,2,3,0,0,0,0,41,62,65,64,63,8,9,10,11,0,0,0,0,41,66,69,68,67,8,9,10,11,0,0,0,4,41,70,73,72,71,8,9,10,11,0,0,0,4,41,74,77,76,75,8,9,10,11,0,0,0,0,41,81,84,83,82,0,1,2,3,5,4,1,6,41,78,81,82,79,4,5,6,7,7,5,6,8,41,79,82,83,80,4,5,6,7,8,6,1,2,41,89,92,91,90,8,9,10,11,5,9,10,6,41,85,89,90,86,12,13,14,15,7,5,6,8,41,86,90,91,87,12,13,14,15,8,6,10,11,41,87,91,92,88,12,13,14,15,11,10,9,3,41,186,106,103,185,16,17,18,19,2,2,2,2,41,100,99,102,101,16,17,18,19,3,3,3,3,41,97,96,95,94,16,17,18,19,11,11,3,3,41,98,93,96,97,16,17,18,19,2,2,11,11,41,108,105,104,107,20,21,22,23,2,2,2,2,41,199,202,201,200,24,25,26,27,0,0,0,4,41,118,121,120,119,24,25,26,27,5,0,1,6,41,111,114,113,112,24,25,26,27,0,0,1,1,41,109,112,113,110,20,21,22,23,2,1,1,2,41,115,118,119,116,20,21,22,23,7,5,6,8,41,116,119,120,117,20,21,22,23,8,6,1,2,41,157,123,156,147,20,21,22,23,7,7,7,12,41,169,171,172,170,16,17,18,19,2,2,2,2,41,159,122,137,138,24,25,26,27,0,0,0,4,41,127,130,129,128,24,25,26,27,0,0,0,4,41,126,124,139,125,20,21,22,23,7,12,7,12,41,136,132,131,135,20,21,22,23,2,2,2,2,41,143,140,141,142,24,25,26,27,0,0,0,4,41,154,153,158,152,20,21,22,23,12,7,7,7,41,203,205,206,204,20,21,22,23,3,3,13,3,41,148,151,150,149,24,25,26,27,5,0,1,6,41,144,148,149,145,20,21,22,23,7,5,6,8,41,145,149,150,146,20,21,22,23,8,6,1,2,41,160,134,133,155,24,25,26,27,0,0,0,4,41,173,175,176,174,16,17,18,19,7,12,7,7,41,161,163,164,162,20,21,22,23,3,3,3,13,41,165,168,167,166,24,25,26,27,0,0,0,4,41,180,177,178,179,16,17,18,19,2,2,2,2,41,182,183,184,181,16,17,18,19,7,12,7,7,41,187,189,190,188,20,21,22,23,2,2,2,2,41,191,194,193,192,24,25,26,27,0,0,0,4,41,195,198,197,196,24,25,26,27,0,0,0,4,41,210,209,208,207,24,27,26,25,14,15,14,14,41,214,213,212,211,24,27,26,25,14,15,14,14,41,218,217,216,215,24,27,26,25,14,15,14,14,41,222,221,220,219,24,27,26,25,14,15,14,14,41,223,226,225,224,8,9,10,11,0,0,0,4,41,227,229,230,228,20,21,22,23,3,3,3,3,41,231,233,234,232,20,21,22,23,3,3,3,3,41,235,237,238,236,20,21,22,23,13,3,3,13],
    "uvs": [[0.124656,0.875929,0.124656,0.999196,0.000286,0.999196,0.000286,0.875929,0.125164,0.875347,0.125164,1.00016,0.000154,1.00016,0.000154,0.875347,0.874656,0.750929,0.874656,0.874196,0.750286,0.874196,0.750286,0.750929,0.375164,0.875347,0.375164,1.00016,0.250154,1.00016,0.250154,0.875347,0.125164,0.750347,0.125164,0.875164,0.000154,0.875164,0.000154,0.750347,0.375164,0.625347,0.375164,0.750164,0.250154,0.750164,0.250154,0.625347,0.374656,0.625929,0.374656,0.749196,0.250286,0.749196,0.250286,0.625929]]
}