{
<<<<<<< HEAD
    "normals": [-1,0,0,-0.999969,0,0,0,1,0,0,0.999969,0,0,0,1,1,0,0,0.999969,0,0,0.750511,0.543931,-0.375256,0,0.707083,0.707083,0.698325,0.506119,0.506119,0.816492,-0.408246,-0.408246,0.750511,-0.375256,0.543931],
    "vertices": [50,10,-5,50,-0,-5,30,10,15,30,20,15,30,10,5,30,20,5,40,-1e-06,-15,40,-0,-5,50,-0,-5,50,-1e-06,-15,40,1e-06,15,30,1e-06,15,40,10,15,30,10,15,50,1e-06,15,40,1e-06,15,50,10,15,40,10,15,60,1e-06,15,50,1e-06,15,50,20,5,60,10,15,50,10,15,50,10,5,40,20,15,40,20,5,60,10,-15,60,10,-5,50,10,-5,50,10,-15,40,10,-5,40,10,5,30,10,5,30,10,-5,50,10,5,50,10,15,40,10,15,40,10,5,60,10,-5,60,10,5,50,10,5,50,10,-5,50,10,5,60,10,15,50,10,15,50,20,15,60,20,5,60,20,15,50,20,15,50,20,5,40,20,15,40,20,5,40,10,15,40,10,5,50,10,15,30,20,15,40,10,15,30,10,15,40,20,15,30,20,15,30,20,5,50,10,-5,50,10,5,40,10,5,40,10,-5,50,10,-15,50,-1e-06,-15,40,-1e-06,-15,40,-0,-5,30,-0,-5,30,-1e-06,-15,30,10,15,30,10,5,20,1e-06,15,30,1e-06,15,20,10,15,20,10,5,30,10,-5,30,10,5,20,10,5,20,10,-5,30,10,-15,30,10,-5,20,10,-5,20,10,-15,30,10,-5,30,-0,-5,30,10,-15,30,-1e-06,-15,20,10,15,20,10,5,10,1e-06,15,20,1e-06,15,10,10,15,10,10,5,20,10,-5,20,10,5,10,10,5,10,10,-5,20,10,-15,20,10,-5,10,10,-5,10,10,-15,10,10,15,10,10,5,0,1e-06,15,10,1e-06,15,0,10,15,0,10,5,10,10,-5,10,10,5,0,10,5,0,10,-5,10,10,-15,10,10,-5,0,10,-5,0,10,-15,60,10,15,60,10,5,60,20,15,60,20,5,30,20,-15,40,30,-15,30,30,-15,40,40,-15,30,40,-15,40,40,-15,30,40,-15,40,50,-15,30,50,-15,10,50,-15,20,50,-15,10,40,-15,20,40,-15,10,40,-15,20,40,-15,10,30,-15,20,30,-15,10,20,-15,20,20,-15,10,10,-15,20,10,-15,10,30,-15,20,30,-15,10,20,-15,20,20,-15,0,50,-15,10,50,-15,0,40,-15,10,40,-15,0,40,-15,10,40,-15,0,30,-15,10,30,-15,0,20,-15,10,20,-15,0,10,-15,10,10,-15,0,30,-15,10,30,-15,0,20,-15,10,20,-15,40,20,-15,30,10,-15,40,10,-15,30,30,-15,40,30,-15,30,20,-15,40,20,-15,20,50,-15,30,50,-15,20,40,-15,30,40,-15,20,40,-15,30,40,-15,20,30,-15,30,30,-15,20,20,-15,30,20,-15,20,10,-15,30,10,-15,20,30,-15,30,30,-15,20,20,-15,30,20,-15,50,20,-15,60,30,-15,50,30,-15,60,40,-15,50,40,-15,60,40,-15,50,40,-15,60,50,-15,50,50,-15,60,20,-15,50,10,-15,60,10,-15,50,30,-15,60,30,-15,50,20,-15,60,20,-15,40,50,-15,50,50,-15,40,40,-15,50,40,-15,40,40,-15,50,40,-15,40,30,-15,50,30,-15,40,20,-15,50,20,-15,40,10,-15,50,10,-15,40,30,-15,50,30,-15,40,20,-15,50,20,-15,30,10,-15,40,10,-15,30,-1e-06,-15,40,-1e-06,-15,40,10,-15,50,10,-15,40,-1e-06,-15,50,-1e-06,-15,40,50,-15,30,50,-15,40,60,-15,30,60,-15,10,60,-15,20,60,-15,10,50,-15,20,50,-15,0,60,-15,10,60,-15,0,50,-15,10,50,-15,20,60,-15,30,60,-15,20,50,-15,30,50,-15,60,50,-15,50,50,-15,60,60,-15,50,60,-15,40,60,-15,50,60,-15,40,50,-15,50,50,-15],
    "name": "Cube.001Geometry",
    "metadata": {
        "type": "Geometry",
        "normals": 12,
        "vertices": 249,
        "version": 3,
        "faces": 65,
        "generator": "io_three",
        "uvs": 1
    },
    "faces": [41,1,0,65,66,0,1,2,3,0,1,0,0,41,2,3,5,4,0,1,2,3,0,0,0,0,41,9,6,7,8,4,5,6,7,2,2,2,3,41,10,12,13,11,0,1,2,3,4,4,4,4,41,14,16,17,15,0,1,2,3,4,4,4,4,41,54,45,20,23,8,9,10,11,0,0,0,0,41,18,21,22,19,0,1,2,3,4,4,4,4,41,25,60,55,24,12,13,14,15,3,2,2,2,41,26,29,28,27,12,13,14,15,2,2,2,3,41,30,33,32,31,4,5,6,7,2,2,2,2,41,34,37,36,35,12,13,14,15,2,2,2,3,41,38,41,40,39,4,5,6,7,2,2,2,2,41,53,51,50,52,0,1,2,3,5,6,5,5,41,46,49,48,47,4,5,6,7,7,2,8,9,41,42,46,47,43,8,9,10,11,10,7,9,11,41,43,47,48,44,8,9,10,11,11,9,8,4,41,56,58,59,57,0,1,2,3,4,4,4,4,41,61,64,63,62,12,13,14,15,2,2,2,2,41,67,70,69,68,4,5,6,7,2,2,2,3,41,72,76,75,71,16,17,18,19,2,2,8,8,41,74,71,75,73,20,21,22,23,4,8,8,4,41,77,80,79,78,12,13,14,15,2,2,2,2,41,81,84,83,82,4,5,6,7,2,2,2,3,41,86,88,87,85,0,3,2,1,5,5,5,6,41,90,94,93,89,16,17,18,19,2,2,8,8,41,92,89,93,91,20,21,22,23,4,8,8,4,41,95,98,97,96,12,13,14,15,2,2,2,2,41,99,102,101,100,12,13,14,15,2,2,2,3,41,104,108,107,103,4,5,6,7,2,2,8,8,41,106,103,107,105,8,9,10,11,4,8,8,4,41,109,112,111,110,12,13,14,15,2,2,2,2,41,113,116,115,114,4,5,6,7,2,2,2,3,41,117,118,120,119,8,11,10,9,5,5,5,5,41,216,214,213,215,0,1,2,3,4,4,4,4,41,184,182,181,183,0,1,2,3,4,4,4,4,41,180,178,177,179,8,9,10,11,4,4,4,4,41,176,174,173,175,8,9,10,11,4,4,4,4,41,172,170,169,171,0,1,2,3,4,4,4,4,41,168,166,165,167,8,9,10,11,4,4,4,4,41,164,162,121,163,8,9,10,11,4,4,4,4,41,122,124,125,123,0,1,2,3,4,4,4,4,41,126,128,129,127,0,1,2,3,4,4,4,4,41,133,131,130,132,0,1,2,3,4,4,4,4,41,137,135,134,136,0,1,2,3,4,4,4,4,41,141,139,138,140,8,9,10,11,4,4,4,4,41,145,143,142,144,8,9,10,11,4,4,4,4,41,149,147,146,148,0,1,2,3,4,4,4,4,41,153,151,150,152,8,9,10,11,4,4,4,4,41,157,155,154,156,8,9,10,11,4,4,4,4,41,161,159,158,160,0,1,2,3,4,4,4,4,41,212,210,209,211,8,9,10,11,4,4,4,4,41,208,206,205,207,8,9,10,11,4,4,4,4,41,204,202,201,203,0,1,2,3,4,4,4,4,41,200,198,197,199,8,9,10,11,4,4,4,4,41,196,194,185,195,8,9,10,11,4,4,4,4,41,186,188,189,187,0,1,2,3,4,4,4,4,41,190,192,193,191,0,1,2,3,4,4,4,4,41,220,218,217,219,8,9,10,11,4,4,4,4,41,224,222,221,223,8,9,10,11,4,4,4,4,41,240,238,237,239,0,1,2,3,4,4,4,4,41,225,227,228,226,0,1,2,3,4,4,4,4,41,232,230,229,231,0,1,2,3,4,4,4,4,41,236,234,233,235,0,1,2,3,4,4,4,4,41,248,246,245,247,0,1,2,3,4,4,4,4,41,241,243,244,242,0,1,2,3,4,4,4,4],
    "uvs": [[0.250164,0.875347,0.250164,1.00016,0.125154,1.00016,0.125154,0.875347,0.499656,0.875929,0.499656,0.999196,0.375286,0.999196,0.375286,0.875929,0.500164,0.875347,0.500164,1.00016,0.375154,1.00016,0.375154,0.875347,0.249656,0.875929,0.249656,0.999196,0.125286,0.999196,0.125286,0.875929,0.499656,0.625929,0.499656,0.749196,0.375286,0.749196,0.375286,0.625929,0.500164,0.625347,0.500164,0.750164,0.375154,0.750164,0.375154,0.625347]]
=======
    "normals": [-1,0,0,-0.999969,0,0,0,1,0,0,0.999969,0,0,0,1,1,0,0,0.999969,0,0,0,0.707083,0.707083],
    "metadata": {
        "normals": 8,
        "version": 3,
        "faces": 64,
        "uvs": 1,
        "vertices": 248,
        "type": "Geometry",
        "generator": "io_three"
    },