{
    "normals": [1,0,0,0,0,1,0.707083,0,0.707083,0,1,0,0,0.999969,0,-1,0,0,-0.999969,0,0,0.999969,0,0,-0.707083,0,0.707083,0,-1,0,0,0.707083,0.707083,-0.707083,0.707083,0,-0.577349,0.577349,0.577349,0.707083,0.707083,0,0.577349,0.577349,0.577349,-0.301492,0.301492,0.904508,0,-0.707083,0.707083,0.577349,-0.577349,0.577349,-0.577349,-0.577349,0.577349,-0.707083,-0.707083,0,0.707083,-0.707083,0],
    "vertices": [60,0,5,0,10,15,0,10,5,0,-0,-5,0,-1e-06,-15,0,10,-5,0,10,-15,0,10,-35,0,10,-25,0,-2e-06,-35,0,-1e-06,-25,0,10,-25,0,10,-15,0,-1e-06,-25,0,-1e-06,-15,10,10,-5,10,10,5,0,10,5,0,10,-5,20,10,15,20,10,25,10,10,25,10,10,15,20,10,5,20,10,15,10,10,15,10,10,5,10,10,-15,10,10,-5,0,20,15,0,20,25,10,20,25,10,20,15,0,10,15,0,10,25,10,10,25,10,10,15,20,10,-5,20,10,-15,0,1e-06,25,0,1e-06,15,10,10,-5,10,10,5,0,10,25,0,10,15,20,10,5,10,2e-06,35,0,2e-06,35,0,1e-06,25,20,10,-5,10,10,35,0,10,35,0,10,25,10,10,5,0,20,-5,0,20,-15,0,30,-5,0,30,-15,0,10,-15,0,10,-25,0,20,-15,0,20,-25,0,10,-25,0,10,-35,0,20,-25,0,20,-35,0,20,25,0,20,35,10,20,35,10,20,25,0,10,25,0,10,35,10,10,35,10,10,25,0,30,25,0,30,35,10,30,35,10,30,25,0,20,25,0,20,35,10,20,35,10,20,25,0,30,15,0,30,25,10,30,25,10,30,15,0,20,15,0,20,25,10,20,25,10,20,15,0,30,-25,0,30,-15,0,20,-25,0,20,-15,0,30,-35,0,30,-25,0,20,-35,0,20,-25,20,10,25,20,10,35,10,10,25,10,10,35,30,10,15,30,10,25,20,10,25,20,10,15,30,10,5,30,10,15,20,10,15,20,10,5,20,10,-15,20,10,-5,30,10,-5,30,10,-15,20,10,-5,20,10,5,30,10,5,30,10,-5,30,10,25,30,10,35,20,10,25,20,10,35,40,30,-15,40,30,-25,40,20,-15,40,20,-25,40,10,15,40,10,25,30,10,25,30,10,15,40,10,5,40,10,15,30,10,15,30,10,5,30,10,-15,30,10,-5,40,10,-5,40,10,-15,30,10,-5,30,10,5,40,10,5,40,10,-5,40,10,25,40,10,35,30,10,25,30,10,35,40,10,-25,40,10,-15,50,10,-15,50,10,-25,50,10,15,50,10,25,40,10,25,40,10,15,50,10,5,50,10,15,40,10,15,40,10,5,40,10,-15,40,10,-5,50,10,-5,50,10,-15,40,10,-5,40,10,5,50,10,5,50,10,-5,50,10,25,50,10,35,40,10,25,40,10,35,60,20,-35,60,20,-25,60,30,-35,60,30,-25,60,-2e-06,-35,60,-1e-06,-25,60,10,-35,60,10,-25,60,10,-35,60,10,-25,60,20,-35,60,20,-25,20,2e-06,35,10,2e-06,35,20,10,35,10,10,35,30,2e-06,35,20,2e-06,35,30,10,35,20,10,35,40,2e-06,35,30,2e-06,35,40,10,35,30,10,35,50,2e-06,35,40,2e-06,35,50,10,35,40,10,35,60,2e-06,35,50,2e-06,35,60,10,35,50,10,35,50,20,35,60,20,35,50,10,35,60,10,35,50,30,35,60,30,35,50,20,35,60,20,35,60,20,35,60,20,25,60,10,35,60,10,25,60,10,35,60,10,25,60,2e-06,35,60,1e-06,25,60,30,35,60,30,25,60,20,35,60,20,25,60,20,25,60,20,15,60,10,25,60,10,15,60,10,25,60,10,15,60,1e-06,25,60,1e-06,15,60,30,25,60,30,15,60,20,25,60,20,15,60,20,-15,60,20,-25,60,10,-15,60,10,-25,60,10,-15,60,10,-25,60,-1e-06,-15,60,-1e-06,-25,60,30,-15,60,30,-25,60,20,-15,60,20,-25,50,20,15,50,20,25,50,10,15,50,10,25,60,10,5,60,10,15,50,10,15,50,10,5,50,10,-15,50,10,-25,50,20,-15,50,20,-25,50,20,25,50,20,35,50,10,25,50,10,35,50,30,25,50,30,35,50,20,25,50,20,35,50,30,15,50,30,25,50,20,15,50,20,25,50,30,-25,50,30,-15,50,20,-25,50,20,-15,60,20,-15,60,20,-5,60,30,-15,60,30,-5,50,20,-5,50,20,-15,50,30,-5,50,30,-15,60,10,-15,60,10,-5,60,20,-15,60,20,-5,50,20,-15,50,20,-5,50,10,-15,50,10,-5,60,20,-5,50,20,-5,60,30,-5,50,30,-5,0,20,-15,0,20,-5,0,10,-15,0,10,-5,10,30,5,10,30,-5,0,30,-5,0,30,5,60,30,-5,60,30,-15,50,30,-15,50,30,-5,60,30,5,60,30,-5,50,30,-5,50,30,5,50,20,-5,60,20,-5,50,10,-5,60,10,-5,50,10,-5,50,10,5,60,10,5,60,10,-5,30,50,15,10,30,35,0,30,35,0,30,25,10,40,25,10,40,35,0,40,35,0,40,25,20,40,25,20,30,35,10,30,35,30,40,25,20,40,25,20,40,35,10,40,35,10,40,25,10,50,15,30,30,35,20,30,35,10,50,25,30,40,25,30,40,35,20,40,35,20,40,25,0,40,15,40,30,35,30,30,35,20,50,25,40,40,25,40,40,35,30,40,35,30,40,25,0,40,25,50,30,35,40,30,35,20,50,15,50,40,25,50,40,35,40,40,35,40,40,25,10,40,25,10,40,25,20,40,25,10,40,15,0,40,15,10,50,15,60,30,25,60,30,35,50,30,35,0,50,15,60,40,25,60,40,35,50,40,35,50,40,25,30,50,25,20,50,25,20,50,15,40,40,25,30,40,25,40,50,15,40,50,25,30,50,25,30,50,15,50,40,25,40,40,25,50,50,15,50,50,25,40,50,25,40,50,15,50,50,15,50,40,25,50,40,15,50,40,15,50,40,25,60,40,25,60,40,15,0,40,5,0,40,15,0,50,5,0,50,15,60,40,5,60,40,15,60,50,5,60,50,15,0,40,-5,0,40,5,0,50,-5,0,50,5,60,40,-5,60,40,5,60,50,-5,60,50,5,0,40,-15,0,40,-5,0,50,-15,0,50,-5,60,40,-15,60,40,-5,60,50,-15,60,50,-5,0,40,-25,0,40,-15,0,50,-25,0,50,-15,60,40,-25,60,40,-15,60,50,-25,60,50,-15,0,40,-25,0,40,-15,0,30,-25,0,30,-15,0,30,-5,0,30,-15,0,40,-5,0,40,-15,0,40,-5,0,40,5,0,30,-5,0,30,5,0,30,15,0,30,5,0,40,15,0,40,5,0,40,15,0,40,25,0,30,15,0,30,25,60,40,-25,60,40,-15,60,30,-25,60,30,-15,60,40,-15,60,40,-5,60,30,-15,60,30,-5,60,40,-5,60,40,5,60,30,-5,60,30,5,60,40,5,60,40,15,60,30,5,60,30,15,60,40,15,60,40,25,60,30,15,60,30,25,40,10,-25,40,10,-15,30,10,-15,40,20,-25,40,20,-15,30,20,-15,40,20,-15,30,20,-15,40,30,-15,30,30,-15,30,10,-15,20,10,-15,30,20,-15,20,20,-15,20,10,-15,10,10,-15,20,20,-15,10,20,-15,20,20,-15,10,20,-15,20,30,-15,10,30,-15,30,20,-15,20,20,-15,30,30,-15,20,30,-15,50,10,-25,40,10,-25,50,20,-25,40,20,-25,50,20,-25,40,20,-25,50,30,-25,40,30,-25,18.0028,13.8145,24.6927,38.0028,13.8145,24.6927,18.0028,15.8145,24.6927,38.0028,15.8145,24.6927,18.0028,13.8145,34.6927,38.0028,13.8145,34.6927,18.0028,15.8145,34.6927,38.0028,15.8145,34.6927,18.9209,13.852,33.11,18.9209,10.1393,33.11,19.9209,13.852,33.11,19.9209,10.1393,33.11,18.9209,13.852,34.11,18.9209,10.1393,34.11,19.9209,13.852,34.11,19.9209,10.1393,34.11,18.9209,13.852,25.0579,18.9209,10.1393,25.0579,19.9209,13.852,25.0579,19.9209,10.1393,25.0579,18.9209,13.852,26.0579,18.9209,10.1393,26.0579,19.9209,13.852,26.0579,19.9209,10.1393,26.0579,36.382,13.852,33.11,36.382,10.1393,33.11,37.382,13.852,33.11,37.382,10.1393,33.11,36.382,13.852,34.11,36.382,10.1393,34.11,37.382,13.852,34.11,37.382,10.1393,34.11,36.382,13.852,25.0579,36.382,10.1393,25.0579,37.382,13.852,25.0579,37.382,10.1393,25.0579,36.382,13.852,26.0579,36.382,10.1393,26.0579,37.382,13.852,26.0579,37.382,10.1393,26.0579,39.6735,15.8145,34.6927,39.6735,15.8145,24.6927,39.6735,13.8145,24.6927,39.6735,13.8145,34.6927,38.0028,19.9437,34.6927,38.0028,19.9437,24.6927,39.6735,19.9437,34.6927,39.6735,19.9437,24.6927,10,10,-5,0,10,-5,10,20,-5,0,20,-5,0,30,-5,10,30,-5,0,20,-5,10,20,-5,10,10,-15,10,10,-5,10,20,-15,10,20,-5,10,30,-5,10,30,-15,10,20,-5,10,20,-15,10,10,15,0,10,15,0,10,5,10,40,15,10,50,15,10,40,25,10,40,15,10,50,25,50,50,25,60,40,15,50,40,15,60,50,15,50,50,15,60,1e-06,15,60,10,5,60,10,15,60,10,5,60,10,-5,60,0,5,60,-0,-5,60,-1e-06,-15,60,-0,-5,60,10,-15,60,10,-5,60,20,5,60,20,15,60,30,5,60,30,15,60,10,5,60,10,15,60,20,5,60,20,15,50,20,5,50,20,15,50,10,5,50,10,15,50,30,5,50,30,15,50,20,5,50,20,15,0,20,5,0,20,15,0,10,5,0,10,15,0,30,5,0,30,15,0,20,5,0,20,15,10,20,15,10,20,5,10,10,15,10,10,5,10,30,15,10,30,5,10,20,15,10,20,5,20,50,5,20,50,15,10,50,15,10,50,5,10,50,5,10,50,15,0,50,15,0,50,5,30,50,5,30,50,15,20,50,15,20,50,5,40,50,5,40,50,15,30,50,15,30,50,5,50,50,5,50,50,15,40,50,15,40,50,5,0,-0,-5,0,0,5,60,50,5,60,50,15,50,50,15,50,50,5,20,50,-5,20,50,5,10,50,5,10,50,-5,10,50,-5,10,50,5,0,50,5,0,50,-5,30,50,-5,30,50,5,20,50,5,20,50,-5,40,50,-5,40,50,5,30,50,5,30,50,-5,50,50,-5,50,50,5,40,50,5,40,50,-5,0,10,-5,0,10,5,0,1e-06,15,0,0,5,60,50,-5,60,50,5,50,50,5,50,50,-5],
    "name": "Cube.001Geometry.2",
    "metadata": {
        "type": "Geometry",
        "normals": 21,
        "vertices": 674,
        "version": 3,
        "faces": 189,
        "generator": "io_three",
        "uvs": 1
    },