{
    "normals": [0,1,0,0,0.999969,0,-1,0,0,-0.999969,0,0,0,0,1,0,0.707083,0.707083,1,0,0,0.999969,0,0],
    "vertices": [30,10,5,30,10,15,40,10,15,40,10,5,50,10,-5,50,-0,-5,40,-1e-06,-15,40,-0,-5,50,-0,-5,50,-1e-06,-15,40,1e-06,15,30,1e-06,15,40,10,15,30,10,15,50,1e-06,15,40,1e-06,15,50,10,15,40,10,15,60,1e-06,15,50,1e-06,15,50,10,5,60,10,15,50,10,15,50,10,15,60,10,-15,60,10,-5,50,10,-5,50,10,-15,40,10,-5,40,10,5,30,10,5,30,10,-5,50,10,5,50,10,15,40,10,15,40,10,5,60,10,-5,60,10,5,50,10,5,50,10,-5,60,10,15,60,10,5,50,10,-5,50,10,5,40,10,5,40,10,-5,50,10,-15,50,-1e-06,-15,40,-1e-06,-15,40,-0,-5,30,-0,-5,30,-1e-06,-15,30,10,15,30,10,5,20,1e-06,15,30,1e-06,15,20,10,15,20,10,5,30,10,-5,30,10,5,20,10,5,20,10,-5,30,10,-15,30,10,-5,20,10,-5,20,10,-15,30,10,-5,30,-0,-5,30,10,-15,30,-1e-06,-15,20,10,15,20,10,5,10,1e-06,15,20,1e-06,15,10,10,15,10,10,5,20,10,-5,20,10,5,10,10,5,10,10,-5,20,10,-15,20,10,-5,10,10,-5,10,10,-15,10,10,15,10,10,5,0,1e-06,15,10,1e-06,15,0,10,15,0,10,5,10,10,-5,10,10,5,0,10,5,0,10,-5,10,10,-15,10,10,-5,0,10,-5,0,10,-15,30,20,-15,40,30,-15,30,30,-15,40,40,-15,30,40,-15,40,40,-15,30,40,-15,40,50,-15,30,50,-15,10,50,-15,20,50,-15,10,40,-15,20,40,-15,10,40,-15,20,40,-15,10,30,-15,20,30,-15,10,20,-15,20,20,-15,10,10,-15,20,10,-15,10,30,-15,20,30,-15,10,20,-15,20,20,-15,0,50,-15,10,50,-15,0,40,-15,10,40,-15,0,40,-15,10,40,-15,0,30,-15,10,30,-15,0,20,-15,10,20,-15,0,10,-15,10,10,-15,0,30,-15,10,30,-15,0,20,-15,10,20,-15,40,20,-15,30,10,-15,40,10,-15,30,30,-15,40,30,-15,30,20,-15,40,20,-15,20,50,-15,30,50,-15,20,40,-15,30,40,-15,20,40,-15,30,40,-15,20,30,-15,30,30,-15,20,20,-15,30,20,-15,20,10,-15,30,10,-15,20,30,-15,30,30,-15,20,20,-15,30,20,-15,50,20,-15,60,30,-15,50,30,-15,60,40,-15,50,40,-15,60,40,-15,50,40,-15,60,50,-15,50,50,-15,60,20,-15,50,10,-15,60,10,-15,50,30,-15,60,30,-15,50,20,-15,60,20,-15,40,50,-15,50,50,-15,40,40,-15,50,40,-15,40,40,-15,50,40,-15,40,30,-15,50,30,-15,40,20,-15,50,20,-15,40,10,-15,50,10,-15,40,30,-15,50,30,-15,40,20,-15,50,20,-15,30,10,-15,40,10,-15,30,-1e-06,-15,40,-1e-06,-15,40,10,-15,50,10,-15,40,-1e-06,-15,50,-1e-06,-15,40,50,-15,30,50,-15,40,60,-15,30,60,-15,10,60,-15,20,60,-15,10,50,-15,20,50,-15,0,60,-15,10,60,-15,0,50,-15,10,50,-15,20,60,-15,30,60,-15,20,50,-15,30,50,-15,60,50,-15,50,50,-15,60,60,-15,50,60,-15,40,60,-15,50,60,-15,40,50,-15,50,50,-15],
    "name": "Cube.003Geometry",
    "metadata": {
        "type": "Geometry",
        "normals": 8,
        "vertices": 226,
        "version": 3,
        "faces": 58,
        "generator": "io_three",
        "uvs": 1
    },
    "faces": [41,3,0,1,2,0,1,2,3,0,0,0,1,41,5,4,46,47,4,5,6,7,2,3,2,2,41,9,6,7,8,8,9,10,11,0,0,0,1,41,10,12,13,11,12,13,14,15,4,4,4,4,41,14,16,17,15,4,5,6,7,4,4,4,4,41,41,20,23,40,8,9,10,11,0,0,0,1,41,18,21,22,19,4,5,6,7,4,4,4,4,41,24,27,26,25,16,17,18,19,0,0,0,1,41,28,31,30,29,8,9,10,11,0,0,0,0,41,32,35,34,33,16,17,18,19,0,0,0,1,41,36,39,38,37,8,9,10,11,0,0,0,0,41,42,45,44,43,16,17,18,19,0,0,0,0,41,48,51,50,49,8,9,10,11,0,0,0,1,41,53,57,56,52,16,17,18,19,0,0,5,5,41,55,52,56,54,4,5,6,7,4,5,5,4,41,58,61,60,59,16,17,18,19,0,0,0,0,41,62,65,64,63,8,9,10,11,0,0,0,1,41,67,69,68,66,4,7,6,5,6,6,6,7,41,71,75,74,70,16,17,18,19,0,0,5,5,41,73,70,74,72,4,5,6,7,4,5,5,4,41,76,79,78,77,16,17,18,19,0,0,0,0,41,80,83,82,81,16,17,18,19,0,0,0,1,41,85,89,88,84,8,9,10,11,0,0,5,5,41,87,84,88,86,20,21,22,23,4,5,5,4,41,90,93,92,91,16,17,18,19,0,0,0,0,41,94,97,96,95,8,9,10,11,0,0,0,1,41,193,191,190,192,4,5,6,7,4,4,4,4,41,161,159,158,160,24,25,26,27,4,4,4,4,41,157,155,154,156,20,21,22,23,4,4,4,4,41,153,151,150,152,12,13,14,15,4,4,4,4,41,149,147,146,148,4,5,6,7,4,4,4,4,41,145,143,142,144,20,21,22,23,4,4,4,4,41,141,139,98,140,20,21,22,23,4,4,4,4,41,99,101,102,100,24,25,26,27,4,4,4,4,41,103,105,106,104,4,5,6,7,4,4,4,4,41,110,108,107,109,4,5,6,7,4,4,4,4,41,114,112,111,113,4,5,6,7,4,4,4,4,41,118,116,115,117,20,21,22,23,4,4,4,4,41,122,120,119,121,20,21,22,23,4,4,4,4,41,126,124,123,125,4,5,6,7,4,4,4,4,41,130,128,127,129,20,21,22,23,4,4,4,4,41,134,132,131,133,20,21,22,23,4,4,4,4,41,138,136,135,137,4,5,6,7,4,4,4,4,41,189,187,186,188,20,21,22,23,4,4,4,4,41,185,183,182,184,20,21,22,23,4,4,4,4,41,181,179,178,180,4,5,6,7,4,4,4,4,41,177,175,174,176,20,21,22,23,4,4,4,4,41,173,171,162,172,20,21,22,23,4,4,4,4,41,163,165,166,164,4,5,6,7,4,4,4,4,41,167,169,170,168,4,5,6,7,4,4,4,4,41,197,195,194,196,20,21,22,23,4,4,4,4,41,201,199,198,200,20,21,22,23,4,4,4,4,41,217,215,214,216,4,5,6,7,4,4,4,4,41,202,204,205,203,4,5,6,7,4,4,4,4,41,209,207,206,208,4,5,6,7,4,4,4,4,41,213,211,210,212,4,5,6,7,4,4,4,4,41,225,223,222,224,4,5,6,7,4,4,4,4,41,218,220,221,219,4,5,6,7,4,4,4,4],
    "uvs": [[0.749656,0.625929,0.749656,0.749196,0.625286,0.749196,0.625286,0.625929,0.250164,0.875347,0.250164,1.00016,0.125154,1.00016,0.125154,0.875347,0.499656,0.875929,0.499656,0.999196,0.375286,0.999196,0.375286,0.875929,0.750164,0.625347,0.750164,0.750164,0.625154,0.750164,0.625154,0.625347,0.249656,0.875929,0.249656,0.999196,0.125286,0.999196,0.125286,0.875929,0.500164,0.875347,0.500164,1.00016,0.375154,1.00016,0.375154,0.875347,0.500164,0.625347,0.500164,0.750164,0.375154,0.750164,0.375154,0.625347]]
}