{
    "normals": [0,1,0,0,0.999969,0,0,0.707083,0.707083,0,0,1,-1,0,0,1,0,0,0.999969,0,0,-0.707083,0.707083,0,-0.577349,0.577349,0.577349,-0.707083,0,0.707083,0.707083,0.707083,0,0.577349,0.577349,0.577349,0.707083,0,0.707083,0,-1,0,0,-0.999969,0,-0.999969,0,0],
    "vertices": [40,40,5,50,50,-5,50,50,5,40,50,5,50,40,5,40,40,5,50,50,5,40,50,5,50,1e-06,15,40,1e-06,15,50,10,5,50,10,15,60,10,-15,60,10,-5,50,10,-5,50,10,-15,40,10,15,40,10,5,50,10,-5,50,10,5,40,10,5,40,10,-5,50,10,-15,50,10,-5,40,10,-5,40,10,-15,20,1e-06,15,10,1e-06,15,20,10,5,20,10,15,10,10,15,10,10,5,30,1e-06,15,20,1e-06,15,30,10,5,30,10,15,20,10,15,20,10,5,20,10,-5,20,10,5,10,10,5,10,10,-5,20,10,-15,20,10,-5,40,40,-15,20,10,-15,10,10,-5,10,10,-15,40,10,-5,40,10,5,30,10,5,30,10,-5,40,1e-06,15,30,1e-06,15,40,10,5,40,10,15,30,10,15,30,10,5,30,10,-5,30,10,-5,30,40,5,30,40,-5,30,50,-25,40,40,-25,40,40,-15,40,30,-5,40,30,-15,0,10,15,0,10,5,0,10,-5,0,10,-15,10,10,-5,10,10,5,20,40,-15,30,10,-15,30,10,-15,30,20,-5,30,20,-15,30,30,-15,30,30,-5,30,20,-15,30,20,-5,30,30,5,20,30,5,20,30,-5,30,40,-5,50,50,5,40,50,-5,40,50,5,40,40,-5,30,40,5,20,40,5,20,40,-5,50,30,-15,40,30,5,30,30,5,40,40,-5,40,40,5,20,40,-5,20,50,-15,20,50,-25,20,50,-15,40,40,-15,40,40,-5,30,40,-5,40,30,-15,40,50,-15,40,50,-5,30,50,-5,30,50,-15,40,40,-15,40,50,-25,40,40,-25,30,50,-15,40,40,-15,40,30,-25,40,50,-15,40,50,-25,30,50,-25,20,40,-15,20,40,-25,20,50,-15,20,50,-25,0,10,5,0,10,-5,10,10,-15,10,10,-5,10,10,5,10,10,15,40,20,-5,30,20,-5,40,30,-5,30,30,-5,40,20,-15,40,20,-5,40,30,-15,40,30,-5,20,30,-5,20,30,5,30,30,5,30,30,-5,30,30,-5,30,30,5,40,30,5,40,30,-5,40,10,-5,40,10,-15,40,20,-5,40,20,-15,40,10,-5,30,10,-5,40,20,-5,30,20,-5,20,10,-5,20,10,5,30,10,5,30,10,-5,50,30,-5,50,30,5,40,30,5,50,40,-5,50,40,5,40,40,5,40,50,-5,50,30,-5,20,10,-5,50,40,-15,50,40,-5,40,40,-5,50,10,15,60,10,15,50,1e-06,15,60,1e-06,15,50,10,-5,50,10,5,60,10,5,60,10,-5,20,50,-15,20,50,-5,30,50,-15,40,50,-15,40,40,-5,30,40,-5,20,40,-5,20,40,-15,30,50,-15,30,50,-5,20,50,-5,60,10,5,60,10,15,50,10,15,50,10,5,50,50,-5,50,40,5,50,40,-5,10,1e-06,15,0,1e-06,15,10,10,15,0,10,15,40,30,-5,40,30,5,50,30,5,50,30,-5],
    "name": "Cube.003Geometry.1",
    "metadata": {
        "type": "Geometry",
        "normals": 16,
        "vertices": 203,
        "version": 3,
        "faces": 58,
        "generator": "io_three",
        "uvs": 1
    },
    "faces": [41,18,21,20,19,0,1,2,3,0,0,0,0,41,22,25,24,23,0,1,2,3,0,0,0,1,41,28,31,30,29,0,1,2,3,0,0,2,2,41,26,29,30,27,4,5,6,7,3,2,2,3,41,34,37,36,35,8,9,10,11,0,0,2,2,41,32,35,36,33,12,13,14,15,3,2,2,3,41,38,41,40,39,0,1,2,3,0,0,0,0,41,42,47,46,43,16,17,18,19,0,0,0,1,41,48,51,50,49,16,17,18,19,0,0,0,0,41,1,163,3,2,20,21,22,23,0,0,0,1,41,54,57,56,55,16,17,18,19,0,0,2,2,41,52,55,56,53,24,25,26,27,3,2,2,3,41,75,45,165,58,16,17,18,19,0,0,0,1,41,59,76,77,74,28,29,30,31,4,4,4,4,41,81,79,78,80,28,29,30,31,4,4,4,4,41,115,63,114,105,32,33,34,35,5,5,6,5,41,129,131,132,130,28,29,30,31,3,3,3,3,41,117,62,179,180,20,21,22,23,0,0,0,1,41,125,70,69,126,16,17,18,19,0,0,0,1,41,96,61,60,97,20,21,22,23,0,0,2,2,41,85,92,91,90,20,21,22,23,0,7,8,2,41,82,90,91,83,32,33,34,35,3,2,8,9,41,8,11,16,9,4,5,6,7,3,2,2,3,41,83,91,92,84,32,33,34,35,9,8,7,4,41,94,97,60,95,32,33,34,35,3,2,2,3,41,185,101,187,186,20,21,22,23,0,7,8,2,41,112,111,116,110,32,33,34,35,5,5,5,5,41,182,186,187,183,32,33,34,35,3,2,8,9,41,183,187,101,184,32,33,34,35,9,8,7,4,41,106,109,108,107,20,21,22,23,10,0,2,11,41,102,106,107,103,32,33,34,35,5,10,11,12,41,103,107,108,104,32,33,34,35,12,11,2,3,41,118,100,99,113,20,21,22,23,0,0,0,1,41,133,135,136,134,28,29,30,31,5,5,5,5,41,119,121,122,120,32,33,34,35,4,4,4,4,41,71,124,123,72,16,17,18,19,0,0,0,0,41,140,139,138,137,20,23,22,21,13,14,13,13,41,144,143,142,141,20,23,22,21,13,14,13,13,41,145,147,148,146,28,29,30,31,4,4,4,4,41,149,151,152,150,28,29,30,31,3,3,3,3,41,156,153,154,155,36,37,38,39,0,0,0,0,41,158,161,162,159,32,33,34,35,12,12,3,3,41,157,160,161,158,32,33,34,35,5,5,12,12,41,172,170,169,171,40,41,42,43,3,3,3,3,41,188,191,190,189,36,37,38,39,0,0,0,1,41,66,64,181,65,32,33,34,35,5,5,5,5,41,127,68,67,128,8,9,10,11,0,0,0,1,41,73,177,178,98,32,33,34,35,5,5,5,6,41,176,173,174,175,36,37,38,39,0,0,0,0,41,12,15,14,13,36,37,38,39,0,0,0,1,41,10,17,16,11,44,45,46,47,0,0,2,2,41,93,166,167,164,32,33,34,35,5,10,10,5,41,166,44,168,167,20,21,22,23,10,0,0,10,41,4,6,7,5,32,33,34,35,3,3,3,3,41,0,88,87,89,32,33,34,35,4,4,15,4,41,194,192,86,193,32,33,34,35,5,6,5,6,41,195,197,198,196,12,13,14,15,3,3,3,3,41,202,201,200,199,20,23,22,21,13,14,13,13],
    "uvs": [[0.249656,0.625929,0.249656,0.749196,0.125286,0.749196,0.125286,0.625929,0.375164,0.875347,0.375164,1.00016,0.250154,1.00016,0.250154,0.875347,0.249656,0.875929,0.249656,0.999196,0.125286,0.999196,0.125286,0.875929,0.250164,0.875347,0.250164,1.00016,0.125154,1.00016,0.125154,0.875347,0.499656,0.875929,0.499656,0.999196,0.375286,0.999196,0.375286,0.875929,0.374656,0.625929,0.374656,0.749196,0.250286,0.749196,0.250286,0.625929,0.500164,0.875347,0.500164,1.00016,0.375154,1.00016,0.375154,0.875347,0.125164,0.750347,0.125164,0.875164,0.000154,0.875164,0.000154,0.750347,0.375164,0.625347,0.375164,0.750164,0.250154,0.750164,0.250154,0.625347,0.124656,0.875929,0.124656,0.999196,0.000286,0.999196,0.000286,0.875929,0.125164,0.875347,0.125164,1.00016,0.000154,1.00016,0.000154,0.875347,0.874656,0.750929,0.874656,0.874196,0.750286,0.874196,0.750286,0.750929]]
}