{
<<<<<<< HEAD
    "normals": [1,0,0,0.999969,0,0,0,0,1,-1,0,0,0,1,0,0,0.999969,0,0,0,-1,-0.999969,0,0],
    "vertices": [40,20,-15,40,20,-5,40,30,-15,40,30,-5,10,0,5,10,1e-06,15,10,-10,5,10,-10,15,20,-10,15,10,-10,15,20,1e-06,15,10,1e-06,15,30,10,-5,30,10,-15,30,-0,-5,30,-1e-06,-15,20,-1e-06,-15,20,-0,-5,20,10,-15,20,10,-5,30,1e-06,15,20,1e-06,15,30,10,15,20,10,15,60,10,-15,60,10,-5,50,10,-5,50,10,-15,60,10,-5,60,10,5,50,10,5,50,10,-5,20,10,5,20,10,-5,20,0,5,20,-0,-5,20,10,-15,30,10,-15,20,-1e-06,-15,30,-1e-06,-15,20,-0,-5,20,0,5,30,0,5,30,-0,-5,10,10,15,10,10,5,10,1e-06,15,10,0,5,10,10,5,20,10,5,10,0,5,20,0,5,10,0,5,10,1e-06,15,20,1e-06,15,20,0,5,60,1e-06,15,50,1e-06,15,60,10,15,50,10,15,40,20,15,50,20,15,40,10,15,50,10,15,40,10,-15,40,10,-5,50,10,-5,50,10,-15,40,20,-5,40,20,5,50,20,5,50,20,-5,40,20,5,40,20,15,50,20,15,50,20,5,30,10,15,40,10,15,30,1e-06,15,40,1e-06,15,30,10,-5,30,10,5,40,10,5,40,10,-5,30,10,5,30,10,15,40,10,15,40,10,5,30,30,-15,30,30,-5,40,30,-5,40,30,-15,20,10,5,20,10,15,30,10,15,30,10,5,10,10,-15,10,10,-5,20,10,-5,20,10,-15,10,10,-5,10,10,5,20,10,5,20,10,-5,0,10,15,10,10,15,0,1e-06,15,10,1e-06,15,0,10,-15,0,10,-5,10,10,-5,10,10,-15,0,10,-5,0,10,5,10,10,5,10,10,-5,0,10,5,0,10,15,10,10,15,10,10,5,50,10,5,50,10,15,60,10,15,60,10,5,20,1e-06,15,20,0,5,20,10,15,20,10,5,50,20,15,50,20,5,50,10,15,50,10,5,20,-10,-15,20,-10,-5,30,-10,-5,30,-10,-15,20,-1e-06,-15,30,-1e-06,-15,20,-10,-15,30,-10,-15,30,-0,-5,30,-1e-06,-15,30,-10,-5,30,-10,-15,20,-10,-15,20,-10,-5,20,-1e-06,-15,20,-0,-5,30,-10,-5,20,-10,-5,30,-0,-5,20,-0,-5,30,20,-15,30,20,-5,30,30,-15,30,30,-5,30,20,-5,30,20,-15,30,10,-5,30,10,-15,40,20,-5,30,20,-5,40,30,-5,30,30,-5,40,20,-5,40,20,-15,40,10,-5,40,10,-15,30,20,-5,40,20,-5,30,10,-5,40,10,-5,50,1e-06,15,40,1e-06,15,50,10,15,40,10,15,20,20,-5,20,20,5,30,20,5,30,20,-5,20,10,5,20,10,-5,20,20,5,20,20,-5,30,20,5,30,20,-5,30,10,5,30,10,-5,30,10,5,20,10,5,30,20,5,20,20,5,50,20,5,50,20,-5,50,10,5,50,10,-5,40,20,-5,40,20,5,40,10,-5,40,10,5,30,20,15,40,20,15,30,10,15,40,10,15,30,30,15,40,30,15,30,20,15,40,20,15,30,10,5,30,10,15,30,20,5,30,20,15,30,20,5,30,20,15,30,30,5,30,30,15,40,20,5,40,20,15,40,30,5,40,30,15,30,30,5,30,30,15,40,30,15,40,30,5],
    "name": "Cube.003Geometry",
    "metadata": {
        "type": "Geometry",
        "normals": 8,
        "vertices": 224,
        "version": 3,
        "faces": 56,
        "generator": "io_three",
        "materials": 1,
        "uvs": 1
    },
    "faces": [43,0,2,3,1,0,0,1,2,3,0,0,1,0,43,8,10,11,9,0,0,1,2,3,2,2,2,2,43,20,22,23,21,0,4,5,6,7,2,2,2,2,43,16,18,19,17,0,0,1,2,3,0,0,0,0,43,7,5,4,6,0,0,1,2,3,3,3,3,3,43,56,58,59,57,0,4,5,6,7,2,2,2,2,43,15,14,12,13,0,0,3,2,1,3,3,3,3,43,28,31,30,29,0,8,9,10,11,4,4,4,4,43,35,33,32,34,0,4,5,6,7,0,0,1,0,43,39,37,36,38,0,0,1,2,3,2,2,2,2,43,43,40,41,42,0,12,13,14,15,4,4,4,5,43,47,45,44,46,0,4,5,6,7,0,0,1,0,43,51,49,48,50,0,4,5,6,7,2,2,2,2,43,55,52,53,54,0,12,13,14,15,4,4,4,5,43,24,27,26,25,0,12,13,14,15,4,4,4,5,43,67,64,65,66,0,12,13,14,15,4,4,4,5,43,63,61,60,62,0,4,5,6,7,2,2,2,2,43,71,68,69,70,0,8,9,10,11,4,4,4,5,43,75,72,73,74,0,8,9,10,11,4,4,4,4,43,79,77,76,78,0,0,1,2,3,2,2,2,2,43,83,80,81,82,0,12,13,14,15,4,4,4,4,43,91,88,89,90,0,12,13,14,15,4,4,4,5,43,107,105,104,106,0,0,1,2,3,2,2,2,2,43,111,108,109,110,0,12,13,14,15,4,4,4,5,43,103,100,101,102,0,8,9,10,11,4,4,4,4,43,99,96,97,98,0,12,13,14,15,4,4,4,5,43,115,112,113,114,0,12,13,14,15,4,4,4,4,43,119,116,117,118,0,12,13,14,15,4,4,4,5,43,87,84,85,86,0,12,13,14,15,4,4,4,5,43,95,92,93,94,0,8,9,10,11,4,4,4,5,43,123,120,121,122,0,8,9,10,11,4,4,4,5,43,124,126,127,125,0,0,1,2,3,3,3,3,3,43,131,129,128,130,0,4,5,6,7,0,0,1,0,43,135,132,133,134,0,12,13,14,15,4,4,4,5,43,139,137,136,138,0,0,1,2,3,2,2,2,2,43,144,146,147,145,0,0,1,2,3,0,0,0,0,43,143,142,140,141,0,0,3,2,1,3,3,3,3,43,148,149,151,150,0,0,3,2,1,6,6,6,6,43,152,153,155,154,0,0,3,2,1,3,3,7,3,43,159,158,156,157,0,0,3,2,1,3,3,3,3,43,160,162,163,161,0,0,1,2,3,2,2,2,2,43,167,165,164,166,0,0,1,2,3,0,0,0,0,43,171,169,168,170,0,0,1,2,3,2,2,2,2,43,172,174,175,173,0,4,5,6,7,2,2,2,2,43,179,176,177,178,0,12,13,14,15,4,4,4,5,43,180,182,183,181,0,0,1,2,3,3,3,3,7,43,187,185,184,186,0,0,1,2,3,1,0,0,0,43,188,190,191,189,0,0,1,2,3,2,2,2,2,43,195,193,192,194,0,4,5,6,7,1,0,0,0,43,199,197,196,198,0,0,1,2,3,3,3,3,7,43,203,201,200,202,0,16,17,18,19,2,2,2,2,43,207,205,204,206,0,16,17,18,19,2,2,2,2,43,208,209,211,210,0,16,19,18,17,3,3,7,3,43,212,213,215,214,0,16,19,18,17,3,3,7,3,43,216,218,219,217,0,16,17,18,19,0,0,1,0,43,223,220,221,222,0,20,21,22,23,4,4,4,5],
    "materials": [{
        "opacity": 1,
        "visible": true,
        "colorSpecular": [0.5,0.5,0.5],
        "blending": "NormalBlending",
        "colorDiffuse": [0.64,0.64,0.64],
        "DbgIndex": 0,
        "colorEmissive": [0,0,0],
        "depthWrite": true,
        "DbgColor": 15658734,
        "wireframe": false,
        "DbgName": "Material",
        "shading": "phong",
        "specularCoef": 50,
        "depthTest": true,
        "colorAmbient": [0.64,0.64,0.64],
        "transparent": false
    }],
    "uvs": [[1.00016,0.750347,1.00016,0.875164,0.875154,0.875164,0.875154,0.750347,0.125164,0.625347,0.125164,0.750164,0.000154,0.750164,0.000154,0.625347,0.124656,0.625929,0.124656,0.749196,0.000286,0.749196,0.000286,0.625929,0.999656,0.750929,0.999656,0.874196,0.875286,0.874196,0.875286,0.750929,0.237663,0.512829,0.237663,0.612682,0.137655,0.612682,0.137655,0.512829,0.362219,0.513256,0.362219,0.611869,0.262723,0.611869,0.262723,0.513256]]
=======
    "uvs": [[1.00016,0.750347,1.00016,0.875164,0.875154,0.875164,0.875154,0.750347,0.125164,0.625347,0.125164,0.750164,0.000154,0.750164,0.000154,0.625347,0.124656,0.625929,0.124656,0.749196,0.000286,0.749196,0.000286,0.625929,0.999656,0.750929,0.999656,0.874196,0.875286,0.874196,0.875286,0.750929,0.237663,0.512829,0.237663,0.612682,0.137655,0.612682,0.137655,0.512829,0.362219,0.513256,0.362219,0.611869,0.262723,0.611869,0.262723,0.513256]],
    "name": "Cube.003Geometry",
    "materials": [{
        "colorSpecular": [0.5,0.5,0.5],
        "depthWrite": true,
        "DbgColor": 15658734,
        "visible": true,
        "transparent": false,
        "blending": "NormalBlending",
        "shading": "phong",
        "specularCoef": 50,
        "DbgName": "Material",
        "opacity": 1,
        "wireframe": false,
        "DbgIndex": 0,
        "colorEmissive": [0,0,0],
        "depthTest": true,
        "colorAmbient": [0.64,0.64,0.64],
        "colorDiffuse": [0.64,0.64,0.64]
    }],
    "metadata": {
        "uvs": 1,
        "faces": 50,
        "materials": 1,
        "generator": "io_three",
        "type": "Geometry",
        "version": 3,
        "normals": 7,
        "vertices": 200
    },