{
    "normals": [0,0,1,1,0,0,0.999969,0,0,-1,0,0,0,1,0,0,0.999969,0,-0.999969,0,0,0,0.707083,0.707083],
    "vertices": [30,20,-15,40,30,-15,30,30,-15,40,40,-15,30,40,-15,40,40,-15,30,40,-15,40,50,-15,30,50,-15,10,50,-15,20,50,-15,10,40,-15,20,40,-15,10,40,-15,20,40,-15,10,30,-15,20,30,-15,10,20,-15,20,20,-15,10,10,-15,20,10,-15,10,30,-25,20,30,-25,10,20,-25,20,20,-25,0,50,-15,10,50,-15,0,40,-15,10,40,-15,0,40,-15,10,40,-15,0,30,-15,10,30,-15,0,20,-15,10,20,-15,0,10,-15,10,10,-15,40,20,-15,30,10,-15,40,10,-15,30,30,-15,40,30,-15,30,20,-15,40,20,-15,20,50,-15,30,50,-15,20,40,-15,30,40,-15,20,40,-15,30,40,-15,20,30,-15,30,30,-15,20,20,-15,30,20,-15,20,10,-15,30,10,-15,50,20,-15,60,30,-15,50,30,-15,60,40,-15,50,40,-15,60,40,-15,50,40,-15,60,50,-15,50,50,-15,60,20,-15,50,10,-15,60,10,-15,50,30,-15,60,30,-15,50,20,-15,60,20,-15,40,50,-15,50,50,-15,40,40,-15,50,40,-15,40,40,-15,50,40,-15,40,30,-15,50,30,-15,40,20,-15,50,20,-15,40,10,-15,50,10,-15,40,30,-15,50,30,-15,40,20,-15,50,20,-15,30,20,-35,20,20,-35,30,30,-35,20,30,-35,30,20,-15,30,20,-25,30,30,-15,30,30,-25,30,20,-25,30,20,-15,20,20,-15,20,20,-25,10,20,-25,10,20,-15,10,30,-25,10,30,-15,10,20,-25,10,20,-15,20,20,-15,20,20,-25,30,50,-15,20,50,-15,30,60,-15,20,60,-15,10,50,-15,0,50,-15,10,60,-15,0,60,-15,50,10,-5,50,-0,-5,40,-1e-06,-15,40,-0,-5,50,-0,-5,50,-1e-06,-15,40,1e-06,15,30,1e-06,15,40,10,15,30,10,15,50,1e-06,15,40,1e-06,15,50,10,15,40,10,15,60,1e-06,15,50,1e-06,15,50,10,5,60,10,15,50,10,15,50,10,15,60,10,-15,60,10,-5,50,10,-5,50,10,-15,40,10,-5,40,10,5,30,10,5,30,10,-5,50,10,5,50,10,15,40,10,15,40,10,5,60,10,-5,60,10,5,50,10,5,50,10,-5,60,10,15,60,10,5,50,10,-5,50,10,5,40,10,5,40,10,-5,50,10,-15,50,-1e-06,-15,40,-1e-06,-15,40,-0,-5,30,-0,-5,30,-1e-06,-15,30,10,15,30,10,5,20,1e-06,15,30,1e-06,15,20,10,15,20,10,5,30,10,-5,30,10,5,20,10,5,20,10,-5,30,10,-15,30,10,-5,20,10,-5,20,10,-15,30,10,-5,30,-0,-5,30,10,-15,30,-1e-06,-15,20,10,15,20,10,5,10,1e-06,15,20,1e-06,15,10,10,15,10,10,5,20,-0,-5,20,0,5,10,0,5,10,-0,-5,20,10,-15,20,10,-5,10,10,-5,10,10,-15,10,10,15,10,10,5,0,1e-06,15,10,1e-06,15,0,10,15,0,10,5,10,10,-5,10,10,5,0,10,5,0,10,-5,10,10,-15,10,10,-5,0,10,-5,0,10,-15,20,10,5,20,10,-5,20,0,5,20,-0,-5,30,10,-15,40,10,-15,30,-1e-06,-15,40,-1e-06,-15,40,10,-15,50,10,-15,40,-1e-06,-15,50,-1e-06,-15,20,20,-35,20,20,-25,20,30,-35,20,30,-25,30,20,-25,30,20,-35,30,30,-25,30,30,-35,30,20,-35,30,20,-25,20,20,-25,20,20,-35,20,50,-15,10,50,-15,20,60,-15,10,60,-15,30,60,-15,40,60,-15,30,50,-15,40,50,-15,10,20,-15,0,20,-15,10,30,-15,0,30,-15,10,10,-5,20,-0,-5,10,-0,-5,20,10,-5,40,10,5,40,10,15,30,10,15,30,10,5,10,-0,-5,10,10,-5,10,0,5,10,10,5,60,50,-15,50,50,-15,60,60,-15,50,60,-15,40,60,-15,50,60,-15,40,50,-15,50,50,-15],
    "name": "Cube.005Geometry",
    "metadata": {
        "type": "Geometry",
        "normals": 8,
        "vertices": 266,
        "version": 3,
        "faces": 68,
        "generator": "io_three",
        "uvs": 1
    },
    "faces": [41,51,49,48,50,0,1,2,3,0,0,0,0,41,55,53,52,54,0,1,2,3,0,0,0,0,41,100,102,103,101,4,5,6,7,1,1,2,1,41,87,85,84,86,4,5,6,7,0,0,0,0,41,1,3,4,2,4,5,6,7,0,0,0,0,41,0,38,39,37,2,3,0,1,0,0,0,0,41,43,41,40,42,0,1,2,3,0,0,0,0,41,5,7,8,6,4,5,6,7,0,0,0,0,41,47,45,44,46,4,5,6,7,0,0,0,0,41,12,10,9,11,4,5,6,7,0,0,0,0,41,16,14,13,15,4,5,6,7,0,0,0,0,41,20,18,17,19,0,1,2,3,0,0,0,0,41,24,22,21,23,0,1,2,3,0,0,0,0,41,28,26,25,27,4,5,6,7,0,0,0,0,41,32,30,29,31,0,1,2,3,0,0,0,0,41,36,34,33,35,0,1,2,3,0,0,0,0,41,112,114,115,113,4,5,6,7,0,0,0,0,41,83,81,80,82,0,1,2,3,0,0,0,0,41,79,77,76,78,0,1,2,3,0,0,0,0,41,75,73,72,74,4,5,6,7,0,0,0,0,41,71,69,68,70,0,1,2,3,0,0,0,0,41,67,65,56,66,0,1,2,3,0,0,0,0,41,57,59,60,58,4,5,6,7,0,0,0,0,41,61,63,64,62,4,5,6,7,0,0,0,0,41,88,90,91,89,4,5,6,7,0,0,0,0,41,92,94,95,93,4,5,6,7,3,3,3,3,41,96,99,98,97,8,9,10,11,4,4,4,5,41,107,104,105,106,8,9,10,11,4,4,4,5,41,234,236,237,235,4,5,6,7,0,0,0,0,41,117,116,158,159,4,5,6,7,3,6,3,3,41,121,118,119,120,12,13,14,15,4,4,4,5,41,122,124,125,123,4,5,6,7,0,0,0,0,41,126,128,129,127,16,17,18,19,0,0,0,0,41,153,132,135,152,12,13,14,15,4,4,4,5,41,130,133,134,131,4,5,6,7,0,0,0,0,41,136,139,138,137,8,9,10,11,4,4,4,5,41,140,143,142,141,12,13,14,15,4,4,4,4,41,144,147,146,145,20,21,22,23,4,4,4,5,41,148,151,150,149,20,21,22,23,4,4,4,4,41,154,157,156,155,8,9,10,11,4,4,4,4,41,160,163,162,161,12,13,14,15,4,4,4,5,41,165,169,168,164,8,9,10,11,4,4,7,7,41,167,164,168,166,4,5,6,7,0,7,7,0,41,170,173,172,171,8,9,10,11,4,4,4,4,41,174,177,176,175,12,13,14,15,4,4,4,5,41,179,181,180,178,4,7,6,5,1,1,1,2,41,183,187,186,182,8,9,10,11,4,4,7,7,41,185,182,186,184,4,5,6,7,0,7,7,0,41,188,191,190,189,8,9,10,11,4,4,4,5,41,192,195,194,193,8,9,10,11,4,4,4,5,41,197,201,200,196,12,13,14,15,4,4,7,7,41,199,196,200,198,0,1,2,3,0,7,7,0,41,202,205,204,203,12,13,14,15,4,4,4,4,41,206,209,208,207,12,13,14,15,4,4,4,5,41,213,212,210,211,4,7,6,5,3,3,3,3,41,217,215,214,216,0,1,2,3,0,0,0,0,41,221,219,218,220,0,1,2,3,0,0,0,0,41,222,224,225,223,4,5,6,7,1,1,1,1,41,226,228,229,227,4,5,6,7,3,3,3,3,41,230,233,232,231,8,9,10,11,4,4,4,5,41,108,110,111,109,4,5,6,7,0,0,0,0,41,241,239,238,240,4,5,6,7,0,0,0,0,41,242,244,245,243,0,1,2,3,0,0,0,0,41,247,249,246,248,0,1,2,3,0,0,0,0,41,250,253,252,251,8,9,10,11,4,4,4,5,41,256,254,255,257,0,3,2,1,1,1,1,1,41,265,263,262,264,4,5,6,7,0,0,0,0,41,258,260,261,259,4,5,6,7,0,0,0,0],
    "uvs": [[0.500164,0.875347,0.500164,1.00016,0.375154,1.00016,0.375154,0.875347,0.250164,0.875347,0.250164,1.00016,0.125154,1.00016,0.125154,0.875347,0.249656,0.875929,0.249656,0.999196,0.125286,0.999196,0.125286,0.875929,0.499656,0.875929,0.499656,0.999196,0.375286,0.999196,0.375286,0.875929,0.625164,0.625347,0.625164,0.750164,0.500154,0.750164,0.500154,0.625347,0.624656,0.625929,0.624656,0.749196,0.500286,0.749196,0.500286,0.625929]]
}