{
    "normals": [1,0,0,0.999969,0,0,0,0,1,0,1,0,0,0.999969,0,0,0.707083,0.707083,-1,0,0,-0.999969,0,0,-0.707083,0,0.707083,0.707083,0,0.707083,0,-1,0,-0.707083,0.707083,0,-0.577349,0.577349,0.577349],
    "vertices": [60,10,25,60,10,15,10,1e-06,15,0,1e-06,15,10,10,5,10,10,15,0,10,15,0,10,5,10,10,-5,10,10,5,0,10,5,0,10,-5,10,10,-15,10,10,-5,0,10,-5,0,10,-15,20,10,-5,20,10,5,10,10,5,10,10,-5,30,10,15,30,10,25,20,10,25,20,10,15,30,10,5,30,10,15,20,10,15,20,10,5,20,10,-15,20,10,-5,10,20,15,10,20,25,20,20,25,20,20,15,10,10,15,10,10,25,20,10,25,20,10,15,30,10,-5,30,10,-15,10,1e-06,25,10,1e-06,15,20,10,-5,20,10,5,10,10,25,10,10,15,30,10,5,20,2e-06,35,10,2e-06,35,10,1e-06,25,30,10,-5,20,10,35,10,10,35,10,10,25,20,10,5,10,20,-5,10,20,-15,10,30,-5,10,30,-15,10,20,25,10,20,35,20,20,35,20,20,25,10,10,25,10,10,35,20,10,35,20,10,25,10,30,25,10,30,35,20,30,35,20,30,25,10,20,25,10,20,35,20,20,35,20,20,25,10,30,15,10,30,25,20,30,25,20,30,15,10,20,15,10,20,25,20,20,25,20,20,15,30,10,25,30,10,35,20,10,25,20,10,35,40,10,15,40,10,25,30,10,25,30,10,15,40,10,5,40,10,15,30,10,15,30,10,5,30,10,-15,30,10,-5,40,10,-5,40,10,-15,30,10,-5,30,10,5,40,10,5,40,10,-5,40,10,25,40,10,35,30,10,25,30,10,35,50,10,15,50,10,25,40,10,25,40,10,15,50,10,5,50,10,15,40,10,15,40,10,5,40,10,-15,40,10,-5,50,10,-5,50,10,-15,40,10,-5,40,10,5,50,10,5,50,10,-5,50,10,25,50,10,35,40,10,25,40,10,35,30,2e-06,35,20,2e-06,35,30,10,35,20,10,35,40,2e-06,35,30,2e-06,35,40,10,35,30,10,35,50,2e-06,35,40,2e-06,35,50,10,35,40,10,35,60,50,5,60,50,15,60,40,5,60,40,15,60,50,-15,60,50,-5,60,40,-15,60,40,-5,60,50,-5,60,50,5,60,40,-5,60,40,5,20,20,-15,30,20,-15,20,10,-15,30,10,-15,60,40,5,60,40,15,60,30,5,60,30,15,60,30,5,60,30,-5,60,40,5,60,40,-5,50,40,25,50,40,15,50,50,25,50,50,15,60,20,15,60,20,25,60,10,15,60,10,25,60,20,-5,60,20,-15,60,30,-5,60,30,-15,60,20,25,60,20,35,60,10,25,60,10,35,60,30,25,60,30,35,60,20,25,60,20,35,60,30,15,60,30,25,10,20,-15,10,20,-5,10,10,-15,10,10,-5,20,30,5,20,30,-5,10,30,-5,10,30,5,60,20,15,60,20,25,60,20,-15,60,20,-5,60,10,-15,60,10,-5,60,30,35,60,30,25,60,40,35,60,40,25,60,30,-5,60,30,-15,60,40,-5,60,40,-15,60,40,-5,60,40,5,40,50,15,20,30,35,10,30,35,10,30,25,20,40,25,20,40,35,10,40,35,10,40,25,30,40,25,30,30,35,20,30,35,40,40,25,30,40,25,30,40,35,20,40,35,20,40,25,20,50,15,40,30,35,30,30,35,20,50,25,40,40,25,40,40,35,30,40,35,30,40,25,10,40,15,50,30,35,40,30,35,30,50,25,50,40,25,50,40,35,40,40,35,40,40,25,10,40,25,60,30,-5,60,30,5,30,50,15,60,30,15,60,30,5,60,40,15,60,40,5,20,40,25,20,40,25,30,40,25,20,40,15,10,40,15,60,40,15,60,40,25,20,50,15,60,30,15,60,30,25,60,20,5,60,20,15,60,10,5,60,10,15,60,30,5,10,50,15,60,30,15,60,20,5,60,20,15,50,50,-5,40,50,25,30,50,25,30,50,15,50,40,25,40,40,25,50,50,15,50,50,25,40,50,25,40,50,15,50,50,5,60,50,5,60,50,-5,50,50,5,50,50,15,60,50,15,60,50,5,50,20,15,50,20,5,50,30,15,50,30,5,50,10,15,50,10,5,50,20,15,50,20,5,60,40,15,50,10,5,50,10,15,60,10,15,10,40,5,10,40,15,10,50,5,10,50,15,60,20,-5,50,20,-5,60,30,-5,50,30,-5,10,40,-5,10,40,5,10,50,-5,10,50,5,50,20,-5,60,20,-5,50,10,-5,60,10,-5,10,40,-15,10,40,-5,10,50,-15,10,50,-5,50,30,25,50,30,15,50,40,25,50,40,15,10,30,-5,10,30,-15,10,40,-5,10,40,-15,10,40,-5,10,40,5,10,30,-5,10,30,5,10,30,15,10,30,5,10,40,15,10,40,5,10,40,15,10,40,25,10,30,15,10,30,25,50,40,5,50,40,15,50,30,5,50,30,15,50,30,5,50,30,-5,50,40,5,50,40,-5,50,40,-15,50,40,-5,50,30,-15,50,30,-5,50,50,-5,50,50,-15,50,40,-5,50,40,-15,50,10,-15,40,10,-15,50,20,-15,40,20,-15,50,20,-15,40,20,-15,50,30,-15,40,30,-15,40,10,-15,30,10,-15,40,20,-15,30,20,-15,30,10,-15,20,10,-15,30,20,-15,20,20,-15,30,20,-15,20,20,-15,30,30,-15,20,30,-15,40,20,-15,30,20,-15,40,30,-15,30,30,-15,50,50,5,50,50,-5,50,40,5,50,40,-5,50,50,15,50,50,5,50,40,15,50,40,5,50,50,15,60,50,15,50,40,15,60,40,15,60,40,25,50,40,25,50,40,15,50,40,25,20,10,-5,10,10,-5,20,20,-5,10,20,-5,10,30,-5,20,30,-5,10,20,-5,20,20,-5,20,10,-15,20,10,-5,20,20,-15,20,20,-5,20,30,-5,20,30,-15,20,20,-5,20,20,-15,20,10,15,10,10,15,10,10,5,20,40,15,20,50,15,20,40,25,20,40,15,20,50,25,50,40,35,60,40,35,60,40,25,50,30,25,50,30,35,60,30,35,50,30,5,50,30,-5,60,30,-5,60,30,5,50,10,-5,50,10,-15,50,20,-5,50,20,-15,50,20,25,50,20,15,50,30,25,50,30,15,60,20,35,50,20,35,50,20,25,10,20,5,10,20,15,10,10,5,10,10,15,10,30,5,10,30,15,10,20,5,10,20,15,20,20,15,20,20,5,20,10,15,20,10,5,20,30,15,20,30,5,20,20,15,20,20,5,60,30,35,50,30,35,50,30,25,60,10,35,50,10,35,50,10,25,60,20,35,50,20,35,20,30,35,20,30,25,20,40,35,20,40,25,20,40,15,20,40,25,20,30,15,20,30,25,30,50,5,30,50,15,20,50,15,20,50,5,20,50,5,20,50,15,10,50,15,10,50,5,40,50,5,40,50,15,30,50,15,30,50,5,50,50,5,50,50,15,40,50,15,40,50,5,50,20,25,50,30,-15,50,30,-5,50,20,-15,50,20,-5,60,10,5,50,10,25,50,10,35,60,10,35,50,1e-06,25,50,2e-06,35,60,2e-06,35,30,50,-5,30,50,5,20,50,5,20,50,-5,20,50,-5,20,50,5,10,50,5,10,50,-5,40,50,-5,40,50,5,30,50,5,30,50,-5,50,50,-5,50,50,5,40,50,5,40,50,-5,50,10,15,50,10,25,50,1e-06,15,50,1e-06,25,50,10,25,50,10,15,50,20,25,50,20,15,50,10,-5,50,10,5,60,10,5,60,10,-5,60,10,-5,60,10,5,60,-0,-5,60,0,5,60,1e-06,15,60,0,5,60,10,15,60,10,5,60,-0,-5,60,-1e-06,-15,60,10,-5,60,10,-15,60,2e-06,35,60,1e-06,25,60,10,35,60,10,25,60,1e-06,25,60,1e-06,15],
    "name": "Cube.004Geometry.1",
    "metadata": {
        "type": "Geometry",
        "normals": 13,
        "vertices": 544,
        "version": 3,
        "faces": 146,
        "generator": "io_three",
        "uvs": 1
    },