{
    "name": "Cube.004Geometry",
    "uvs": [[0.375164,0.750347,0.250154,0.750347,0.250154,0.875164,0.375164,0.875164,0.750164,0.875347,0.750164,1.00016,0.625154,1.00016,0.625154,0.875347,0.374656,0.750929,0.374656,0.874196,0.250286,0.874196,0.250286,0.750929,0.499656,0.875929,0.499656,0.999196,0.375286,0.999196,0.375286,0.875929,0.500164,0.875347,0.500164,1.00016,0.375154,1.00016,0.375154,0.875347,0.625164,0.875347,0.500154,0.875347,0.500154,1.00016,0.625164,1.00016,0.624656,0.875929,0.624656,0.999196,0.500286,0.999196,0.500286,0.875929]],
    "metadata": {
        "normals": 13,
        "version": 3,
        "generator": "io_three",
        "faces": 157,
        "vertices": 585,
        "uvs": 1,
        "type": "Geometry"
    },
    "faces": [41,1,0,534,535,2,3,0,1,0,1,0,0,41,349,351,352,350,4,5,6,7,2,2,2,2,41,345,347,348,346,4,5,6,7,2,2,2,2,41,87,90,89,88,8,9,10,11,3,3,3,4,41,103,105,106,104,8,9,10,11,3,3,3,3,41,4,7,6,5,12,13,14,15,3,3,5,5,41,2,5,6,3,16,17,18,19,2,5,5,2,41,8,11,10,9,12,13,14,15,3,3,3,3,41,12,15,14,13,12,13,14,15,3,3,3,4,41,83,85,86,84,8,9,10,11,3,3,3,3,41,16,19,18,17,8,9,10,11,3,3,3,3,41,20,23,22,21,8,9,10,11,3,3,3,4,41,24,27,26,25,8,9,10,11,3,3,3,4,41,35,31,30,34,0,3,2,1,6,6,7,6,41,37,33,32,36,0,3,2,1,0,0,0,1,41,39,28,29,38,8,9,10,11,3,3,3,4,41,40,44,45,41,0,3,2,1,6,6,7,6,41,50,42,43,46,8,9,10,11,3,3,3,3,41,47,51,52,48,0,3,2,1,2,2,8,8,41,48,52,53,49,0,3,2,1,8,8,6,6,41,55,57,58,56,0,3,2,1,6,6,6,6,41,400,398,397,399,0,3,2,1,0,0,0,0,41,64,60,59,63,0,3,2,1,8,8,6,6,41,66,62,61,65,0,3,2,1,0,0,9,9,41,65,61,60,64,0,3,2,1,9,9,8,8,41,72,68,67,71,0,3,2,1,8,8,6,7,41,74,70,69,73,0,3,2,1,0,0,9,9,41,73,69,68,72,0,3,2,1,9,9,8,8,41,80,76,75,79,0,3,2,1,7,6,6,6,41,82,78,77,81,0,3,2,1,0,0,0,0,41,393,395,396,394,0,3,2,1,0,0,1,0,41,180,178,177,179,0,3,2,1,6,7,6,6,41,98,95,96,97,8,9,10,11,3,3,3,4,41,91,94,93,92,8,9,10,11,3,3,3,4,41,102,99,100,101,8,9,10,11,3,3,3,3,41,107,110,109,108,8,9,10,11,3,3,3,4,41,123,125,126,124,8,9,10,11,3,3,3,3,41,118,115,116,117,8,9,10,11,3,3,3,4,41,111,114,113,112,8,9,10,11,3,3,3,4,41,122,119,120,121,8,9,10,11,3,3,3,3,41,127,129,130,128,0,3,2,1,2,2,2,2,41,131,133,134,132,0,3,2,1,2,2,2,2,41,135,137,138,136,0,3,2,1,2,2,2,2,41,142,141,139,140,20,21,22,23,0,0,0,0,41,146,145,143,144,20,21,22,23,0,0,0,0,41,150,149,147,148,20,21,22,23,0,0,0,0,41,154,152,151,153,4,5,6,7,2,2,2,2,41,155,156,158,157,20,21,22,23,0,0,0,0,41,162,161,159,160,0,1,2,3,0,0,1,0,41,163,164,166,165,0,1,2,3,0,0,0,0,41,170,169,167,168,0,1,2,3,0,0,0,0,41,174,173,171,172,0,1,2,3,1,1,0,0,41,181,184,183,182,0,1,2,3,10,10,10,10,41,186,185,175,176,0,1,2,3,1,0,0,0,41,190,189,187,188,0,1,2,3,0,0,0,1,41,191,192,194,193,20,21,22,23,0,0,0,0,41,195,196,198,197,20,21,22,23,0,0,0,0,41,213,216,215,214,24,25,26,27,3,3,5,5,41,205,208,207,206,24,25,26,27,3,11,12,5,41,235,234,199,200,20,21,22,23,0,0,1,0,41,202,206,207,203,20,23,22,21,2,5,12,8,41,203,207,208,204,20,23,22,21,8,12,11,6,41,210,214,215,211,20,23,22,21,2,5,5,2,41,221,224,223,222,24,25,26,27,3,3,5,5,41,218,222,223,219,20,23,22,21,2,5,5,2,41,229,232,231,230,24,25,26,27,3,3,5,5,41,244,248,256,245,20,23,22,21,2,2,2,2,41,226,230,231,227,20,23,22,21,2,5,5,2,41,237,238,240,239,20,21,22,23,0,0,1,0,41,250,249,246,247,20,21,22,23,1,0,0,0,41,406,408,405,407,20,23,22,21,6,6,6,6,41,259,258,255,257,0,1,2,3,0,0,1,0,41,254,253,251,252,0,1,2,3,0,0,0,0,41,236,217,220,228,24,25,26,27,3,3,5,5,41,264,267,268,265,20,23,22,21,2,5,5,2,41,266,269,268,267,24,25,26,27,3,3,5,5,41,212,261,262,209,20,23,22,21,2,5,5,2,41,272,260,270,271,24,25,26,27,3,3,3,4,41,201,263,262,261,24,25,26,27,3,3,5,5,41,276,273,274,275,24,25,26,27,3,3,3,4,41,243,228,220,242,20,23,22,21,2,5,5,2,41,281,283,284,282,0,3,2,1,6,6,6,6,41,277,279,280,278,0,3,2,1,6,6,7,6,41,483,286,287,288,8,9,10,11,3,3,3,4,41,404,225,233,241,24,25,26,27,3,3,3,4,41,293,295,296,294,0,3,2,1,2,2,2,2,41,304,302,301,303,0,3,2,1,2,2,2,2,41,334,335,337,336,0,1,2,3,0,1,0,0,41,341,340,338,339,0,1,2,3,0,0,0,0,41,290,292,291,289,20,23,22,21,6,6,6,6,41,342,370,371,343,0,3,2,1,0,1,0,0,41,298,300,299,297,20,23,22,21,6,6,6,6,41,344,372,373,369,0,3,2,1,7,6,7,6,41,306,308,307,305,20,23,22,21,6,6,6,6,41,375,455,456,376,0,3,2,1,9,9,8,8,41,313,315,316,314,20,23,22,21,6,6,6,6,41,320,318,317,319,20,23,22,21,6,6,7,6,41,321,323,324,322,20,23,22,21,6,6,7,6,41,328,326,325,327,20,23,22,21,7,6,6,6,41,374,454,455,375,0,3,2,1,0,0,9,9,41,376,456,457,412,0,3,2,1,8,8,6,7,41,285,383,382,381,24,25,26,27,3,3,3,4,41,380,378,377,379,20,23,22,21,2,2,2,2,41,353,355,356,354,4,5,6,7,2,2,2,2,41,357,359,360,358,4,5,6,7,2,2,2,2,41,361,363,364,362,4,5,6,7,2,2,2,2,41,365,367,368,366,4,5,6,7,2,2,2,2,41,562,560,559,561,0,3,2,1,0,0,0,0,41,414,410,409,413,20,23,22,21,2,5,5,2,41,411,384,409,410,24,25,26,27,3,3,5,5,41,418,415,416,417,0,1,2,3,10,10,10,10,41,385,387,388,386,0,3,2,1,2,2,2,2,41,392,390,389,391,0,3,2,1,2,2,2,2,41,54,403,402,401,8,9,10,11,3,3,3,4,41,437,435,434,436,0,3,2,1,6,6,7,6,41,433,431,430,432,0,3,2,1,6,6,6,6,41,419,421,422,420,0,3,2,1,6,7,6,6,41,423,425,426,424,0,3,2,1,7,6,6,6,41,427,446,447,428,0,3,2,1,2,2,8,8,41,428,447,448,429,0,3,2,1,8,8,6,7,41,441,439,438,440,0,3,2,1,0,1,0,0,41,445,443,442,444,0,3,2,1,0,1,0,0,41,449,452,453,450,0,3,2,1,2,2,8,8,41,450,453,478,451,0,3,2,1,8,8,6,6,41,461,459,458,460,0,3,2,1,6,6,6,6,41,543,545,546,544,4,5,6,7,2,2,2,2,41,462,465,464,463,24,25,26,27,3,3,3,4,41,466,469,468,467,24,25,26,27,3,3,3,4,41,470,473,472,471,24,25,26,27,3,3,3,4,41,474,477,476,475,24,25,26,27,3,3,3,4,41,482,480,479,481,0,3,2,1,6,6,6,6,41,488,485,484,487,0,3,2,1,8,8,6,6,41,489,486,485,488,0,3,2,1,2,2,8,8,41,490,493,492,491,24,25,26,27,3,3,3,4,41,494,497,496,495,24,25,26,27,3,3,3,4,41,498,501,500,499,24,25,26,27,3,3,3,4,41,502,505,504,503,24,25,26,27,3,3,3,4,41,509,507,506,508,0,3,2,1,6,6,7,6,41,510,512,513,511,0,3,2,1,6,6,7,6,41,517,514,515,516,8,9,10,11,3,3,3,3,41,521,520,518,519,0,1,2,3,0,0,0,0,41,522,523,525,524,0,1,2,3,0,0,1,0,41,526,527,529,528,0,1,2,3,0,0,0,0,41,530,531,533,532,0,1,2,3,0,0,0,0,41,330,331,333,332,0,1,2,3,1,0,1,0,41,310,311,329,312,0,1,2,3,0,0,1,0,41,309,537,538,536,0,3,2,1,6,6,7,6,41,539,541,542,540,0,3,2,1,2,2,2,2,41,547,549,550,548,4,5,6,7,2,2,2,2,41,551,553,554,552,4,5,6,7,2,2,2,2,41,558,556,555,557,0,3,2,1,2,2,2,2,41,573,571,570,572,0,3,2,1,6,6,7,6,41,563,565,566,564,0,3,2,1,7,6,7,6,41,567,578,579,568,0,3,2,1,2,2,8,8,41,568,579,580,569,0,3,2,1,8,8,6,7,41,577,575,574,576,0,3,2,1,0,1,0,1,41,584,582,581,583,0,3,2,1,6,6,6,6],