{
    "normals": [0,0,1,-1,0,0,1,0,0,0.999969,0,0,0,1,0,0,0.999969,0,0,0.707083,0.707083,-0.999969,0,0],
    "vertices": [40,40,-15,30,40,-15,40,40,-25,50,40,-25,40,30,-25,50,30,-25,60,30,-15,50,30,-15,60,40,-15,50,40,-15,40,20,-15,30,20,-15,40,30,-15,30,30,-15,40,10,-15,30,10,-15,40,20,-15,30,20,-15,50,20,-25,40,20,-25,50,30,-25,40,30,-25,60,20,-15,50,20,-15,60,30,-15,50,30,-15,60,10,-15,50,10,-15,60,20,-15,50,20,-15,30,30,-15,20,30,-15,30,40,-15,20,40,-15,50,40,-15,40,40,-15,50,50,-15,40,50,-15,60,40,-15,50,40,-15,60,50,-15,50,50,-15,50,10,-25,40,10,-25,50,20,-25,40,20,-25,40,10,-25,40,10,-15,40,20,-25,40,20,-15,50,10,-15,50,10,-25,50,20,-15,50,20,-25,30,10,-15,20,10,-15,30,20,-15,20,20,-15,30,20,-15,20,30,-15,30,30,-15,20,20,-15,20,20,-25,20,20,-15,20,10,-25,20,10,-15,10,20,-15,10,20,-25,10,10,-15,10,10,-25,0,20,-15,10,20,-15,0,10,-15,10,10,-15,10,50,-15,20,50,-15,10,40,-15,20,40,-15,0,50,-15,10,50,-15,0,40,-15,10,40,-15,10,20,-25,20,20,-25,10,10,-25,20,10,-25,10,30,-25,20,30,-25,10,20,-25,20,20,-25,0,30,-15,10,30,-15,0,20,-15,10,20,-15,10,40,-25,20,40,-25,10,30,-25,20,30,-25,10,30,-15,0,30,-15,10,40,-15,0,40,-15,20,20,-15,20,20,-25,20,30,-15,20,30,-25,10,1e-06,15,0,1e-06,15,10,10,15,0,10,15,0,10,5,0,10,15,10,10,15,10,10,5,10,10,5,10,10,-5,10,10,-15,10,10,-5,0,10,-5,0,10,-15,0,10,5,0,10,-5,20,10,15,20,10,5,10,1e-06,15,20,1e-06,15,10,10,15,10,10,5,20,10,-5,20,10,5,10,10,5,10,10,-5,20,10,-15,20,10,-5,10,10,-5,10,10,-15,20,10,-25,20,10,-15,10,10,-15,10,10,-25,10,30,-15,10,30,-25,10,20,-15,10,20,-25,20,30,-15,20,30,-25,20,40,-15,20,40,-25,10,40,-15,10,40,-25,10,30,-15,10,30,-25,30,30,-15,40,30,-15,30,50,-15,40,50,-15,30,40,-15,40,40,-15,20,50,-15,30,50,-15,20,40,-15,30,40,-15,50,20,-15,50,20,-25,50,30,-15,50,30,-25,40,20,5,40,20,-5,30,10,5,30,10,15,40,10,15,40,10,5,30,1e-06,15,40,1e-06,15,50,1e-06,15,40,1e-06,15,50,10,15,40,10,15,40,10,5,40,10,15,50,10,15,50,10,5,40,10,-5,40,10,-15,30,20,-5,30,20,5,50,10,5,50,10,-5,50,10,-15,50,10,-5,40,10,-5,40,10,-15,30,10,-15,30,10,-5,40,10,5,40,10,-5,30,1e-06,15,20,1e-06,15,30,10,15,20,10,15,30,10,5,30,10,-5,30,10,-15,30,10,-5,20,10,-5,20,10,5,20,10,-5,20,10,-15,30,10,5,30,10,15,20,10,15,20,10,5,60,10,15,60,10,5,50,1e-06,15,60,1e-06,15,50,10,15,50,10,5,60,10,-5,60,10,5,50,10,5,50,10,-5,60,10,-15,60,10,-5,50,10,-5,50,10,-15,50,10,-25,50,10,-15,40,10,-15,40,10,-25,40,30,-15,40,30,-25,40,20,-15,40,20,-25,50,30,-15,50,30,-25,50,40,-15,50,40,-25,40,40,-15,40,40,-25,40,30,-15,40,30,-25,30,20,5,40,20,5,30,10,5,40,10,5,30,10,-5,30,10,5,30,20,-5,30,20,5,40,10,-5,40,10,5,40,20,-5,40,20,5,50,50,-15,40,50,-15,50,60,-15,40,60,-15,60,50,-15,50,50,-15,60,60,-15,50,60,-15,10,60,-15,20,60,-15,10,50,-15,20,50,-15,0,60,-15,10,60,-15,0,50,-15,10,50,-15,30,60,-15,40,60,-15,30,50,-15,40,50,-15,20,60,-15,30,60,-15,20,50,-15,30,50,-15],
    "name": "Cube.006Geometry",
    "metadata": {
        "type": "Geometry",
        "normals": 8,
        "vertices": 278,
        "version": 3,
        "faces": 71,
        "generator": "io_three",
        "uvs": 1
    },
    "faces": [41,153,0,1,152,0,1,2,3,0,0,0,0,41,5,3,2,4,4,5,6,7,0,0,0,0,41,6,8,9,7,8,9,10,11,0,0,0,0,41,10,12,13,11,8,9,10,11,0,0,0,0,41,14,16,17,15,8,9,10,11,0,0,0,0,41,18,20,21,19,4,5,6,7,0,0,0,0,41,22,24,25,23,8,9,10,11,0,0,0,0,41,26,28,29,27,12,13,14,15,0,0,0,0,41,65,63,62,64,12,13,14,15,1,1,1,1,41,69,67,66,68,12,13,14,15,2,2,3,2,41,30,32,33,31,16,17,18,19,0,0,0,0,41,34,36,37,35,12,13,14,15,0,0,0,0,41,38,40,41,39,12,13,14,15,0,0,0,0,41,42,44,45,43,12,13,14,15,0,0,0,0,41,46,48,49,47,12,13,14,15,2,2,3,2,41,50,52,53,51,12,13,14,15,1,1,1,1,41,58,60,59,61,8,9,10,11,0,0,0,0,41,54,56,57,55,12,13,14,15,0,0,0,0,41,73,71,70,72,12,13,14,15,0,0,0,0,41,77,75,74,76,12,13,14,15,0,0,0,0,41,81,79,78,80,12,13,14,15,0,0,0,0,41,85,83,82,84,12,13,14,15,0,0,0,0,41,89,87,86,88,8,9,10,11,0,0,0,0,41,93,91,90,92,12,13,14,15,0,0,0,0,41,97,95,94,96,8,9,10,11,0,0,0,0,41,98,100,101,99,12,13,14,15,0,0,0,0,41,102,104,105,103,12,13,14,15,1,1,1,1,41,106,108,109,107,8,9,10,11,0,0,0,0,41,113,110,111,112,20,21,22,23,4,4,4,5,41,116,119,118,117,24,25,26,27,4,4,4,5,41,115,121,120,114,24,25,26,27,4,4,4,4,41,123,127,126,122,24,25,26,27,4,4,6,6,41,125,122,126,124,12,13,14,15,0,6,6,0,41,128,131,130,129,24,25,26,27,4,4,4,4,41,132,135,134,133,24,25,26,27,4,4,4,5,41,136,139,138,137,24,25,26,27,4,4,4,5,41,143,141,140,142,12,13,14,15,2,2,3,2,41,144,146,147,145,12,13,14,15,1,1,1,1,41,151,149,148,150,12,13,14,15,2,2,2,2,41,157,155,154,156,12,13,14,15,0,0,0,0,41,161,159,158,160,12,13,14,15,0,0,0,0,41,162,164,165,163,12,13,14,15,1,1,1,1,41,173,170,169,172,0,1,2,3,0,6,6,0,41,171,168,169,170,28,29,30,31,4,4,6,6,41,174,176,177,175,8,9,10,11,0,0,0,0,41,181,178,179,180,20,21,22,23,4,4,4,5,41,167,184,185,166,28,29,30,31,4,4,4,5,41,188,191,190,189,24,25,26,27,4,4,4,5,41,183,192,193,182,32,33,34,35,4,4,4,5,41,187,195,194,186,24,25,26,27,4,4,4,4,41,201,204,205,200,28,29,30,31,4,4,4,4,41,196,198,199,197,0,1,2,3,0,0,0,0,41,202,207,206,203,24,25,26,27,4,4,4,5,41,208,211,210,209,28,29,30,31,4,4,4,5,41,213,217,216,212,24,25,26,27,4,4,6,6,41,215,212,216,214,12,13,14,15,0,6,6,0,41,218,221,220,219,24,25,26,27,4,4,4,4,41,222,225,224,223,24,25,26,27,4,4,4,5,41,226,229,228,227,28,29,30,31,4,4,4,5,41,233,231,230,232,12,13,14,15,2,2,3,2,41,234,236,237,235,12,13,14,15,1,1,1,1,41,241,239,238,240,12,13,14,15,2,2,2,2,41,245,243,242,244,0,1,2,3,0,0,0,0,41,246,247,249,248,0,3,2,1,1,7,1,1,41,250,252,253,251,0,1,2,3,2,2,2,3,41,254,256,257,255,12,13,14,15,0,0,0,0,41,258,260,261,259,12,13,14,15,0,0,0,0,41,265,263,262,264,12,13,14,15,0,0,0,0,41,269,267,266,268,12,13,14,15,0,0,0,0,41,273,271,270,272,12,13,14,15,0,0,0,0,41,277,275,274,276,12,13,14,15,0,0,0,0],
    "uvs": [[0.500164,0.625347,0.500164,0.750164,0.375154,0.750164,0.375154,0.625347,0.625164,0.625347,0.625164,0.750164,0.500154,0.750164,0.500154,0.625347,0.500164,0.875347,0.500164,1.00016,0.375154,1.00016,0.375154,0.875347,0.250164,0.875347,0.250164,1.00016,0.125154,1.00016,0.125154,0.875347,0.750164,0.625347,0.750164,0.750164,0.625154,0.750164,0.625154,0.625347,0.499656,0.875929,0.499656,0.999196,0.375286,0.999196,0.375286,0.875929,0.249656,0.875929,0.249656,0.999196,0.125286,0.999196,0.125286,0.875929,0.499656,0.625929,0.499656,0.749196,0.375286,0.749196,0.375286,0.625929,0.749656,0.625929,0.749656,0.749196,0.625286,0.749196,0.625286,0.625929]]
}