{
    "uvs": [[0.124656,0.875929,0.124656,0.999196,0.000286,0.999196,0.000286,0.875929,0.625164,0.750347,0.625164,0.875164,0.500154,0.875164,0.500154,0.750347,0.500164,0.750347,0.500164,0.875164,0.375154,0.875164,0.375154,0.750347,0.749656,0.750929,0.749656,0.874196,0.625286,0.874196,0.625286,0.750929,0.249656,0.625929,0.249656,0.749196,0.125286,0.749196,0.125286,0.625929,0.375164,0.875347,0.375164,1.00016,0.250154,1.00016,0.250154,0.875347,0.125164,0.875347,0.125164,1.00016,0.000154,1.00016,0.000154,0.875347,0.874656,0.750929,0.874656,0.874196,0.750286,0.874196,0.750286,0.750929,0.250164,0.875347,0.250164,1.00016,0.125154,1.00016,0.125154,0.875347,0.499656,0.875929,0.499656,0.999196,0.375286,0.999196,0.375286,0.875929]],
    "metadata": {
        "type": "Geometry",
        "uvs": 1,
        "version": 3,
        "generator": "io_three",
        "vertices": 198,
        "normals": 9,
        "faces": 51
    },
    "name": "Cube.005Geometry",
    "vertices": [60,10,-5,60,10,5,50,10,5,50,10,-5,50,10,-15,50,10,-5,40,10,-5,50,20,-15,50,20,-5,40,20,-5,50,20,-15,50,20,-5,40,20,-5,40,20,-15,60,1e-06,15,50,1e-06,15,60,10,5,60,10,15,50,10,15,50,10,5,50,1e-06,15,40,1e-06,15,50,10,5,50,10,15,40,10,15,40,10,5,50,10,-5,50,10,5,40,10,5,40,10,-5,50,10,-15,50,10,-5,40,10,-5,40,10,-15,30,0,5,40,0,5,30,0,5,30,1e-06,15,20,1e-06,15,20,0,5,40,0,5,40,1e-06,15,30,1e-06,15,30,0,5,10,20,-5,10,20,5,20,20,5,20,20,-5,30,30,-15,30,30,-5,20,30,-5,20,30,-15,40,10,5,30,10,5,20,0,5,30,0,5,30,10,5,20,10,5,40,1e-06,15,40,0,5,40,10,15,40,10,5,30,30,-5,30,30,5,20,30,5,20,30,-5,20,10,5,30,10,5,30,20,5,20,20,5,30,10,5,40,10,5,40,20,5,30,20,5,30,20,5,40,20,5,40,30,5,30,30,5,30,30,5,40,30,5,40,40,5,30,40,5,20,20,5,30,20,5,30,30,5,20,30,5,10,10,5,20,10,5,20,20,5,10,20,5,20,10,5,20,10,15,10,10,15,10,10,5,20,1e-06,15,10,1e-06,15,20,10,15,10,10,15,20,1e-06,15,20,0,5,20,10,15,20,10,5,10,10,-5,10,10,5,0,10,5,0,10,-5,10,10,-15,10,10,-5,0,10,-5,0,10,-15,10,10,5,10,10,15,0,10,15,0,10,5,40,-10,15,30,-10,15,40,1e-06,15,30,1e-06,15,30,-10,15,20,-10,15,30,1e-06,15,20,1e-06,15,10,1e-06,15,0,1e-06,15,10,10,15,0,10,15,40,-10,15,40,-10,5,40,1e-06,15,40,0,5,20,-10,15,20,-10,5,20,1e-06,15,20,0,5,40,10,5,40,10,-5,40,20,5,40,20,-5,40,20,5,40,20,-5,40,30,5,40,30,-5,40,30,5,40,30,-5,40,40,5,40,40,-5,40,20,-5,40,20,-15,40,30,-5,40,30,-15,40,20,-5,40,20,-15,40,30,-5,40,30,-15,40,30,-5,40,30,-15,40,40,-5,40,40,-15,10,10,5,10,10,-5,10,20,5,10,20,-5,20,20,-15,20,20,-5,10,20,-5,10,20,-15,10,20,-15,10,20,-5,10,10,-15,10,10,-5,20,20,5,20,20,-5,20,30,5,20,30,-5,20,30,-15,20,30,-5,20,20,-15,20,20,-5,30,30,5,30,30,-5,30,40,5,30,40,-5,30,40,-15,30,40,-5,30,30,-15,30,30,-5,40,40,-15,40,40,-5,30,40,-5,30,40,-15,40,40,-5,40,40,5,30,40,5,30,40,-5,60,10,-15,60,10,-5,50,10,-5,50,10,-15],
    "faces": [41,0,3,2,1,0,1,2,3,0,0,0,0,41,4,7,8,5,4,5,6,7,1,1,2,2,41,5,8,9,6,8,9,10,11,2,2,3,3,41,10,13,12,11,12,13,14,15,0,0,0,4,41,16,19,18,17,16,17,18,19,0,0,5,5,41,14,17,18,15,20,21,22,23,3,5,5,3,41,22,25,24,23,0,1,2,3,0,0,5,5,41,20,23,24,21,24,25,26,27,3,5,5,3,41,26,29,28,27,16,17,18,19,0,0,0,0,41,30,33,32,31,28,29,30,31,0,0,0,4,41,36,39,38,37,28,29,30,31,0,0,0,4,41,35,52,53,34,24,25,26,27,3,3,3,3,41,40,43,42,41,16,17,18,19,0,0,0,4,41,47,44,45,46,28,29,30,31,0,0,0,4,41,48,51,50,49,16,17,18,19,0,0,0,4,41,55,56,57,54,24,25,26,27,3,3,3,3,41,58,60,61,59,24,25,26,27,6,6,6,6,41,62,65,64,63,16,17,18,19,0,0,0,4,41,67,68,69,66,24,25,26,27,3,3,3,3,41,71,72,73,70,24,25,26,27,3,3,3,3,41,75,76,77,74,24,25,26,27,3,3,3,3,41,79,80,81,78,32,33,34,35,3,3,3,3,41,83,84,85,82,24,25,26,27,3,3,3,3,41,87,88,89,86,24,25,26,27,3,3,3,3,41,90,93,92,91,28,29,30,31,0,0,0,4,41,94,96,97,95,20,21,22,23,3,3,3,3,41,98,99,101,100,20,23,22,21,1,1,1,1,41,102,105,104,103,16,17,18,19,0,0,0,0,41,106,109,108,107,28,29,30,31,0,0,0,4,41,110,113,112,111,28,29,30,31,0,0,0,4,41,114,116,117,115,20,21,22,23,3,3,3,3,41,118,120,121,119,20,21,22,23,3,3,3,3,41,122,124,125,123,20,21,22,23,3,3,3,3,41,126,127,129,128,20,23,22,21,1,1,1,7,41,130,132,133,131,24,25,26,27,6,8,6,6,41,134,135,137,136,24,27,26,25,1,7,1,7,41,138,139,141,140,24,27,26,25,1,1,1,1,41,142,143,145,144,32,35,34,33,1,1,1,1,41,146,147,149,148,24,27,26,25,1,1,1,1,41,150,151,153,152,24,27,26,25,1,1,1,1,41,154,155,157,156,32,35,34,33,1,1,1,1,41,158,160,161,159,24,25,26,27,6,8,6,8,41,162,165,164,163,36,37,38,39,0,0,0,4,41,169,167,166,168,24,25,26,27,6,6,6,6,41,170,172,173,171,24,25,26,27,6,6,6,6,41,177,175,174,176,24,25,26,27,6,6,6,6,41,178,180,181,179,32,33,34,35,6,6,6,6,41,185,183,182,184,32,33,34,35,6,6,6,6,41,186,189,188,187,36,37,38,39,0,0,0,4,41,190,193,192,191,36,37,38,39,0,0,0,4,41,194,197,196,195,0,1,2,3,0,0,0,4],
    "normals": [0,1,0,1,0,0,0.707083,0,0.707083,0,0,1,0,0.999969,0,0,0.707083,0.707083,-1,0,0,0.999969,0,0,-0.999969,0,0]
}