{
    "normals": [0,1,0,1,0,0,0.707083,0,0.707083,0,0,1,-1,0,0,-0.999969,0,0,0,0.999969,0,0,0.707083,0.707083,0.999969,0,0],
    "vertices": [60,10,-5,60,10,5,50,10,5,50,10,-5,60,10,-15,60,10,-5,50,10,-5,60,20,-15,60,20,-5,50,20,-5,50,10,-15,50,10,-5,50,20,-15,50,20,-5,60,20,-15,60,20,-5,50,20,-5,50,20,-15,60,1e-06,15,50,1e-06,15,60,10,5,60,10,15,50,10,15,50,10,5,50,1e-06,15,40,1e-06,15,50,10,5,50,10,15,40,10,15,40,10,5,50,10,-5,50,10,5,40,10,5,40,10,-5,50,10,-15,50,10,-5,40,10,-5,40,10,-15,30,0,5,40,0,5,30,0,5,30,1e-06,15,20,1e-06,15,20,0,5,40,0,5,40,1e-06,15,30,1e-06,15,30,0,5,10,20,-5,10,20,5,20,20,5,20,20,-5,30,30,-15,30,30,-5,20,30,-5,20,30,-15,40,10,5,30,10,5,20,0,5,30,0,5,30,10,5,20,10,5,40,1e-06,15,40,0,5,40,10,15,40,10,5,30,30,-5,30,30,5,20,30,5,20,30,-5,20,10,5,30,10,5,30,20,5,20,20,5,30,10,5,40,10,5,40,20,5,30,20,5,30,20,5,40,20,5,40,30,5,30,30,5,30,30,5,40,30,5,40,40,5,30,40,5,20,20,5,30,20,5,30,30,5,20,30,5,10,10,5,20,10,5,20,20,5,10,20,5,10,0,5,20,0,5,20,10,5,10,10,5,0,0,5,10,0,5,10,10,5,0,10,5,20,10,5,20,10,15,10,10,15,10,10,5,20,1e-06,15,10,1e-06,15,20,10,15,10,10,15,10,1e-06,15,10,0,5,10,10,15,10,10,5,20,1e-06,15,20,0,5,20,10,15,20,10,5,10,10,-5,10,10,5,0,10,5,0,10,-5,10,10,-15,10,10,-5,0,10,-5,0,10,-15,10,10,5,10,10,15,0,10,15,0,10,5,40,-10,15,30,-10,15,40,1e-06,15,30,1e-06,15,30,-10,15,20,-10,15,30,1e-06,15,20,1e-06,15,10,1e-06,15,0,1e-06,15,10,10,15,0,10,15,40,-10,15,40,-10,5,40,1e-06,15,40,0,5,20,-10,15,20,-10,5,20,1e-06,15,20,0,5,40,10,5,40,10,-5,40,20,5,40,20,-5,40,20,5,40,20,-5,40,30,5,40,30,-5,40,30,5,40,30,-5,40,40,5,40,40,-5,40,20,-5,40,20,-15,40,30,-5,40,30,-15,40,20,-5,40,20,-15,40,30,-5,40,30,-15,40,30,-5,40,30,-15,40,40,-5,40,40,-15,10,10,5,10,10,-5,10,20,5,10,20,-5,20,20,-15,20,20,-5,10,20,-5,10,20,-15,10,20,-15,10,20,-5,10,10,-15,10,10,-5,20,20,5,20,20,-5,20,30,5,20,30,-5,20,30,-15,20,30,-5,20,20,-15,20,20,-5,30,30,5,30,30,-5,30,40,5,30,40,-5,30,40,-15,30,40,-5,30,30,-15,30,30,-5,40,40,-15,40,40,-5,30,40,-5,30,40,-15,40,40,-5,40,40,5,30,40,5,30,40,-5,40,10,-5,40,10,-15,40,20,-5,40,20,-15],
    "name": "Cube.005Geometry.2",
    "metadata": {
        "type": "Geometry",
        "normals": 9,
        "vertices": 214,
        "version": 3,
        "faces": 55,
        "generator": "io_three",
        "uvs": 1
    },
    "faces": [41,0,3,2,1,0,1,2,3,0,0,0,0,41,4,7,8,5,4,5,6,7,1,1,2,2,41,5,8,9,6,8,9,10,11,2,2,3,3,41,10,11,13,12,4,7,6,5,4,5,4,4,41,14,17,16,15,12,13,14,15,0,0,0,6,41,20,23,22,21,16,17,18,19,0,0,7,7,41,18,21,22,19,20,21,22,23,3,7,7,3,41,26,29,28,27,0,1,2,3,0,0,7,7,41,24,27,28,25,24,25,26,27,3,7,7,3,41,30,33,32,31,16,17,18,19,0,0,0,0,41,34,37,36,35,28,29,30,31,0,0,0,6,41,40,43,42,41,28,29,30,31,0,0,0,6,41,39,56,57,38,24,25,26,27,3,3,3,3,41,44,47,46,45,16,17,18,19,0,0,0,6,41,51,48,49,50,28,29,30,31,0,0,0,6,41,52,55,54,53,16,17,18,19,0,0,0,6,41,59,60,61,58,24,25,26,27,3,3,3,3,41,62,64,65,63,24,25,26,27,4,4,4,4,41,66,69,68,67,16,17,18,19,0,0,0,6,41,71,72,73,70,24,25,26,27,3,3,3,3,41,75,76,77,74,24,25,26,27,3,3,3,3,41,79,80,81,78,24,25,26,27,3,3,3,3,41,83,84,85,82,32,33,34,35,3,3,3,3,41,87,88,89,86,24,25,26,27,3,3,3,3,41,91,92,93,90,24,25,26,27,3,3,3,3,41,95,96,97,94,24,25,26,27,3,3,3,3,41,99,100,101,98,24,25,26,27,3,3,3,3,41,102,105,104,103,28,29,30,31,0,0,0,6,41,106,108,109,107,20,21,22,23,3,3,3,3,41,110,112,113,111,24,25,26,27,4,4,4,4,41,114,115,117,116,20,23,22,21,1,1,1,1,41,118,121,120,119,16,17,18,19,0,0,0,0,41,122,125,124,123,28,29,30,31,0,0,0,6,41,126,129,128,127,28,29,30,31,0,0,0,6,41,130,132,133,131,20,21,22,23,3,3,3,3,41,134,136,137,135,20,21,22,23,3,3,3,3,41,138,140,141,139,20,21,22,23,3,3,3,3,41,142,143,145,144,20,23,22,21,1,1,1,8,41,146,148,149,147,24,25,26,27,4,5,4,4,41,150,151,153,152,24,27,26,25,1,8,1,8,41,154,155,157,156,24,27,26,25,1,1,1,1,41,158,159,161,160,32,35,34,33,1,1,1,1,41,162,163,165,164,24,27,26,25,1,1,1,1,41,166,167,169,168,24,27,26,25,1,1,1,1,41,170,171,173,172,32,35,34,33,1,1,1,1,41,174,176,177,175,24,25,26,27,4,5,4,5,41,178,181,180,179,36,37,38,39,0,0,0,6,41,185,183,182,184,24,25,26,27,4,4,4,4,41,186,188,189,187,24,25,26,27,4,4,4,4,41,193,191,190,192,24,25,26,27,4,4,4,4,41,194,196,197,195,32,33,34,35,4,4,4,4,41,201,199,198,200,32,33,34,35,4,4,4,4,41,202,205,204,203,36,37,38,39,0,0,0,6,41,206,209,208,207,36,37,38,39,0,0,0,6,41,210,211,213,212,24,27,26,25,1,1,1,1],
    "uvs": [[0.124656,0.875929,0.124656,0.999196,0.000286,0.999196,0.000286,0.875929,0.625164,0.750347,0.625164,0.875164,0.500154,0.875164,0.500154,0.750347,0.500164,0.750347,0.500164,0.875164,0.375154,0.875164,0.375154,0.750347,0.749656,0.750929,0.749656,0.874196,0.625286,0.874196,0.625286,0.750929,0.249656,0.625929,0.249656,0.749196,0.125286,0.749196,0.125286,0.625929,0.375164,0.875347,0.375164,1.00016,0.250154,1.00016,0.250154,0.875347,0.125164,0.875347,0.125164,1.00016,0.000154,1.00016,0.000154,0.875347,0.874656,0.750929,0.874656,0.874196,0.750286,0.874196,0.750286,0.750929,0.250164,0.875347,0.250164,1.00016,0.125154,1.00016,0.125154,0.875347,0.499656,0.875929,0.499656,0.999196,0.375286,0.999196,0.375286,0.875929]]
}