{
    "normals": [0,0,1,1,0,0,0.999969,0,0,0,1,0,0,0.999969,0,-1,0,0,-0.999969,0,0],
    "vertices": [20,30,-35,10,30,-35,20,40,-35,10,40,-35,10,10,-15,0,10,-15,10,20,-15,0,20,-15,10,50,-25,10,50,-35,10,40,-25,10,40,-35,10,40,-15,10,40,-25,10,30,-15,10,30,-25,10,30,-35,10,30,-25,20,30,-25,20,30,-35,10,30,-35,10,30,-25,10,40,-35,10,40,-25,20,10,-15,10,10,-15,20,20,-15,10,20,-15,30,10,-15,20,10,-15,30,20,-15,20,20,-15,30,20,-15,20,20,-15,30,30,-15,20,30,-15,30,30,-15,20,30,-15,30,40,-15,20,40,-15,40,30,-15,30,30,-15,40,40,-15,30,40,-15,40,20,-15,30,20,-15,40,30,-15,30,30,-15,40,10,-5,30,10,-5,40,20,-5,30,20,-5,50,10,-15,40,10,-15,50,20,-15,40,20,-15,20,50,-35,20,50,-25,20,40,-35,20,40,-25,50,30,-15,40,30,-15,50,40,-15,40,40,-15,60,30,-15,50,30,-15,60,40,-15,50,40,-15,60,20,-15,50,20,-15,60,30,-15,50,30,-15,60,10,-15,50,10,-15,60,20,-15,50,20,-15,10,1e-06,15,0,1e-06,15,10,10,15,0,10,15,10,10,-5,10,10,5,0,10,5,0,10,-5,10,10,5,10,10,15,0,10,15,0,10,5,10,10,-15,10,10,-5,0,10,-5,0,10,-15,20,1e-06,15,10,1e-06,15,20,10,15,10,10,15,20,10,-5,20,10,5,10,10,5,10,10,-5,20,10,5,20,10,15,10,10,15,10,10,5,20,10,-15,20,10,-5,10,10,-5,10,10,-15,20,10,15,10,10,15,20,20,15,10,20,15,20,20,15,10,20,15,20,30,15,10,30,15,20,30,15,10,30,15,20,40,15,10,40,15,20,10,5,20,10,15,20,20,5,20,20,15,20,20,5,20,20,15,20,30,5,20,30,15,20,30,5,20,30,15,20,40,5,20,40,15,10,20,15,10,20,5,10,30,15,10,30,5,10,30,15,10,30,5,10,40,15,10,40,5,30,1e-06,15,20,1e-06,15,30,10,15,20,10,15,30,10,-5,30,10,5,20,10,5,20,10,-5,30,10,5,30,10,15,20,10,15,20,10,5,30,10,-15,30,10,-5,20,10,-5,20,10,-15,40,1e-06,15,30,1e-06,15,40,10,15,30,10,15,40,10,-5,40,10,5,30,10,5,30,10,-5,40,10,5,40,10,15,30,10,15,30,10,5,40,10,-15,40,10,-5,30,10,-5,30,10,-15,50,1e-06,15,40,1e-06,15,50,10,15,40,10,15,50,10,-5,50,10,5,40,10,5,40,10,-5,50,10,5,50,10,15,40,10,15,40,10,5,50,10,-15,50,10,-5,40,10,-5,40,10,-15,60,1e-06,15,50,1e-06,15,60,10,15,50,10,15,60,10,-5,60,10,5,50,10,5,50,10,-5,60,10,5,60,10,15,50,10,15,50,10,5,60,10,-15,60,10,-5,50,10,-5,50,10,-15,40,20,-15,40,20,-5,30,20,-5,30,20,-15,40,10,-15,40,10,-5,40,20,-15,40,20,-5,30,10,-5,30,10,-15,30,20,-5,30,20,-15,40,50,-15,30,50,-15,40,60,-15,30,60,-15,10,20,5,10,20,15,10,10,5,10,10,15,20,60,-15,30,60,-15,20,50,-15,30,50,-15,10,50,-35,20,50,-35,10,40,-35,20,40,-35,0,30,-15,10,30,-15,0,20,-15,10,20,-15,30,40,-15,20,40,-15,30,50,-15,20,50,-15,40,40,-15,30,40,-15,40,50,-15,30,50,-15,50,40,-15,40,40,-15,50,50,-15,40,50,-15,60,40,-15,50,40,-15,60,50,-15,50,50,-15,50,50,-15,40,50,-15,50,60,-15,40,60,-15,60,50,-15,50,50,-15,60,60,-15,50,60,-15,20,40,5,20,40,15,10,40,15,10,40,5,50,20,-25,40,20,-25,50,30,-25,40,30,-25,40,20,-25,40,20,-15,40,30,-25,40,30,-15,50,20,-15,50,20,-25,50,30,-15,50,30,-25,50,20,-25,50,20,-15,40,20,-15,40,20,-25,20,20,-25,10,20,-25,20,30,-25,10,30,-25,10,20,-25,10,20,-15,10,30,-25,10,30,-15,20,20,-15,20,20,-25,20,30,-15,20,30,-25,20,20,-25,20,20,-15,10,20,-15,10,20,-25,10,40,-25,10,40,-15,10,50,-25,10,50,-15,20,40,-15,20,40,-25,20,50,-15,20,50,-25,0,50,-15,10,50,-15,0,40,-15,10,40,-15,20,40,-25,20,40,-15,20,30,-25,20,30,-15,0,40,-15,10,40,-15,0,30,-15,10,30,-15,20,30,-25,20,30,-35,20,40,-25,20,40,-35,10,50,-15,0,50,-15,10,60,-15,0,60,-15,10,60,-35,20,60,-35,10,50,-35,20,50,-35,10,60,-25,10,60,-35,10,50,-25,10,50,-35,20,60,-35,20,60,-25,20,50,-35,20,50,-25,10,50,-25,10,50,-15,10,60,-25,10,60,-15,20,50,-15,20,50,-25,20,60,-15,20,60,-25],
    "name": "Cube.007Geometry",
    "metadata": {
        "type": "Geometry",
        "normals": 7,
        "vertices": 344,
        "version": 3,
        "faces": 86,
        "generator": "io_three",
        "uvs": 1
    },
    "faces": [41,0,2,3,1,0,1,2,3,0,0,0,0,41,76,78,79,77,0,1,2,3,0,0,0,0,41,4,6,7,5,0,1,2,3,0,0,0,0,41,11,9,8,10,0,1,2,3,1,1,2,1,41,15,13,12,14,0,1,2,3,1,1,1,1,41,19,16,17,18,4,5,6,7,3,3,3,4,41,20,22,23,21,0,1,2,3,1,1,2,1,41,24,26,27,25,0,1,2,3,0,0,0,0,41,28,30,31,29,0,1,2,3,0,0,0,0,41,32,34,35,33,0,1,2,3,0,0,0,0,41,36,38,39,37,8,9,10,11,0,0,0,0,41,40,42,43,41,8,9,10,11,0,0,0,0,41,44,46,47,45,8,9,10,11,0,0,0,0,41,48,50,51,49,0,1,2,3,0,0,0,0,41,52,54,55,53,0,1,2,3,0,0,0,0,41,59,57,56,58,0,1,2,3,5,5,5,5,41,60,62,63,61,0,1,2,3,0,0,0,0,41,64,66,67,65,8,9,10,11,0,0,0,0,41,68,70,71,69,0,1,2,3,0,0,0,0,41,72,74,75,73,8,9,10,11,0,0,0,0,41,80,83,82,81,4,5,6,7,3,3,3,3,41,84,87,86,85,4,5,6,7,3,3,3,4,41,88,91,90,89,4,5,6,7,3,3,3,4,41,92,94,95,93,0,1,2,3,0,0,0,0,41,96,99,98,97,4,5,6,7,3,3,3,3,41,100,103,102,101,4,5,6,7,3,3,3,4,41,104,107,106,105,4,5,6,7,3,3,3,4,41,108,110,111,109,0,1,2,3,0,0,0,0,41,112,114,115,113,0,1,2,3,0,0,0,0,41,116,118,119,117,0,1,2,3,0,0,0,0,41,120,122,123,121,0,1,2,3,1,1,2,1,41,124,126,127,125,0,1,2,3,1,1,2,1,41,128,130,131,129,0,1,2,3,1,1,1,1,41,132,134,135,133,0,1,2,3,5,5,5,5,41,136,138,139,137,0,1,2,3,5,6,5,5,41,140,142,143,141,0,1,2,3,0,0,0,0,41,144,147,146,145,4,5,6,7,3,3,3,3,41,148,151,150,149,4,5,6,7,3,3,3,4,41,152,155,154,153,4,5,6,7,3,3,3,4,41,156,158,159,157,8,9,10,11,0,0,0,0,41,160,163,162,161,4,5,6,7,3,3,3,3,41,164,167,166,165,12,13,14,15,3,3,3,4,41,168,171,170,169,4,5,6,7,3,3,3,4,41,172,174,175,173,0,1,2,3,0,0,0,0,41,176,179,178,177,12,13,14,15,3,3,3,3,41,180,183,182,181,4,5,6,7,3,3,3,4,41,184,187,186,185,4,5,6,7,3,3,3,4,41,188,190,191,189,8,9,10,11,0,0,0,0,41,192,195,194,193,12,13,14,15,3,3,3,3,41,196,199,198,197,12,13,14,15,3,3,3,4,41,200,203,202,201,4,5,6,7,3,3,3,4,41,204,207,206,205,4,5,6,7,3,3,3,4,41,208,210,211,209,0,1,2,3,1,1,1,1,41,212,214,215,213,0,1,2,3,5,6,5,5,41,216,218,219,217,8,9,10,11,0,0,0,0,41,223,221,220,222,0,1,2,3,5,6,5,5,41,227,225,224,226,8,9,10,11,0,0,0,0,41,231,229,228,230,0,1,2,3,0,0,0,0,41,235,233,232,234,0,1,2,3,0,0,0,0,41,236,238,239,237,8,9,10,11,0,0,0,0,41,240,242,243,241,0,1,2,3,0,0,0,0,41,244,246,247,245,8,9,10,11,0,0,0,0,41,248,250,251,249,8,9,10,11,0,0,0,0,41,252,254,255,253,0,1,2,3,0,0,0,0,41,256,258,259,257,0,1,2,3,0,0,0,0,41,260,263,262,261,4,5,6,7,3,3,3,4,41,264,266,267,265,0,1,2,3,0,0,0,0,41,268,270,271,269,0,1,2,3,1,1,2,1,41,272,274,275,273,0,1,2,3,5,5,5,5,41,276,279,278,277,4,5,6,7,3,3,3,4,41,280,282,283,281,0,1,2,3,0,0,0,0,41,284,286,287,285,0,1,2,3,1,1,2,1,41,288,290,291,289,0,1,2,3,5,5,5,5,41,292,295,294,293,4,5,6,7,3,3,3,4,41,296,298,299,297,0,1,2,3,1,1,2,1,41,300,302,303,301,0,1,2,3,5,5,5,5,41,307,305,304,306,8,9,10,11,0,0,0,0,41,311,309,308,310,0,1,2,3,5,5,5,5,41,315,313,312,314,8,9,10,11,0,0,0,0,41,316,318,319,317,0,1,2,3,5,5,5,5,41,320,322,323,321,8,9,10,11,0,0,0,0,41,327,325,324,326,0,1,2,3,0,0,0,0,41,331,329,328,330,0,1,2,3,1,2,2,1,41,335,333,332,334,0,1,2,3,5,5,6,5,41,336,338,339,337,0,1,2,3,1,1,2,1,41,340,342,343,341,0,1,2,3,5,5,5,5],
    "uvs": [[0.250164,0.875347,0.250164,1.00016,0.125154,1.00016,0.125154,0.875347,0.249656,0.875929,0.249656,0.999196,0.125286,0.999196,0.125286,0.875929,0.500164,0.875347,0.500164,1.00016,0.375154,1.00016,0.375154,0.875347,0.499656,0.875929,0.499656,0.999196,0.375286,0.999196,0.375286,0.875929]]
}