{
    "normals": [-1,0,0,0,0,1,1,0,0,0,1,0,0,0.999969,0,0.999969,0,0,-0.999969,0,0],
    "vertices": [40,-10,15,40,-10,5,40,1e-06,15,40,0,5,10,1e-06,15,20,1e-06,15,10,-10,15,20,-10,15,50,-10,15,40,-10,15,50,1e-06,15,40,1e-06,15,50,10,15,60,10,15,50,1e-06,15,60,1e-06,15,20,-10,5,20,-10,15,20,0,5,20,1e-06,15,10,10,5,10,10,15,0,10,15,0,10,5,10,10,-5,10,10,5,0,10,5,0,10,-5,10,10,-15,10,10,-5,0,10,-5,0,10,-15,10,1e-06,15,0,1e-06,15,10,10,15,0,10,15,20,0,5,20,1e-06,15,10,1e-06,15,10,0,5,20,10,-5,20,10,5,10,10,5,10,10,-5,20,-1e-06,-15,20,-0,-5,10,-0,-5,10,-1e-06,-15,20,0,5,10,0,5,20,10,5,10,10,5,30,10,5,30,10,15,20,10,15,20,10,5,30,10,-5,30,10,5,20,10,5,20,10,-5,30,20,-15,30,20,-5,20,20,-5,20,20,-15,30,1e-06,15,20,1e-06,15,30,10,15,20,10,15,40,10,5,40,10,15,30,10,15,30,10,5,40,10,-5,40,10,5,30,10,5,30,10,-5,50,1e-06,15,50,0,5,50,-10,15,50,-10,5,40,1e-06,15,30,1e-06,15,40,10,15,30,10,15,50,0,5,50,1e-06,15,40,1e-06,15,40,0,5,50,10,-5,50,10,5,40,10,5,40,10,-5,50,10,-15,50,10,-5,40,10,-5,40,10,-15,50,0,5,40,0,5,50,10,5,40,10,5,60,10,-5,60,10,5,50,10,5,50,10,-5,60,10,-15,60,10,-5,50,10,-5,50,10,-15,10,0,5,10,1e-06,15,10,10,5,10,10,15,20,1e-06,15,20,0,5,20,10,15,20,10,5,40,0,5,40,1e-06,15,40,10,5,40,10,15,50,10,5,50,10,15,60,10,15,60,10,5,10,-10,15,10,-10,5,10,1e-06,15,10,0,5,20,-1e-06,-15,10,-1e-06,-15,20,10,-15,10,10,-15,10,-1e-06,-15,10,-0,-5,10,10,-15,10,10,-5,20,20,-5,20,20,-15,20,10,-5,20,10,-15,20,-1e-06,-15,20,-0,-5,20,10,-15,20,10,-5,30,10,-5,20,10,-5,30,20,-5,20,20,-5,40,10,-5,30,10,-5,40,20,-5,30,20,-5,40,20,-5,30,20,-5,40,30,-5,30,30,-5,40,20,-15,40,20,-5,40,30,-15,40,30,-5,30,20,-5,30,20,-15,30,30,-5,30,30,-15,40,10,-15,40,10,-5,40,20,-15,40,20,-5,30,40,-5,40,40,-5,30,30,-5,40,30,-5,30,50,-5,40,50,-5,30,40,-5,40,40,-5,40,30,-15,40,30,-5,40,40,-15,40,40,-5,30,30,-15,30,30,-5,30,40,-15,30,40,-5,30,40,-15,30,40,-5,30,50,-15,30,50,-5,40,40,-15,40,40,-5,40,50,-15,40,50,-5,30,50,-15,30,50,-5,40,50,-5,40,50,-15,50,1e-06,15,50,0,5,50,10,15,50,10,5],
    "name": "Cube.006Geometry",
    "metadata": {
        "type": "Geometry",
        "normals": 7,
        "vertices": 200,
        "version": 3,
        "faces": 50,
        "generator": "io_three",
        "materials": 1,
        "uvs": 1
    },
    "faces": [43,0,2,3,1,0,0,1,2,3,0,0,0,0,43,7,5,4,6,0,4,5,6,7,1,1,1,1,43,8,10,11,9,0,0,1,8,9,1,1,1,1,43,15,13,12,14,0,0,1,8,9,1,1,1,1,43,16,18,19,17,0,4,5,6,7,2,2,2,2,43,20,23,22,21,0,10,11,12,13,3,3,3,4,43,24,27,26,25,0,10,11,12,13,3,3,3,3,43,28,31,30,29,0,14,15,16,17,3,3,3,4,43,32,34,35,33,0,4,5,6,7,1,1,1,1,43,36,39,38,37,0,10,11,12,13,3,3,3,4,43,40,43,42,41,0,14,15,16,17,3,3,3,3,43,44,47,46,45,0,14,15,16,17,3,3,3,4,43,48,50,51,49,0,0,1,2,3,1,1,1,1,43,52,55,54,53,0,14,15,16,17,3,3,3,4,43,56,59,58,57,0,14,15,16,17,3,3,3,3,43,60,63,62,61,0,10,11,12,13,3,3,3,4,43,64,66,67,65,0,0,1,2,3,1,1,1,1,43,68,71,70,69,0,14,15,16,17,3,3,3,4,43,72,75,74,73,0,14,15,16,17,3,3,3,3,43,79,77,76,78,0,0,1,2,3,2,2,2,2,43,80,82,83,81,0,0,1,2,3,1,1,1,1,43,84,87,86,85,0,14,15,16,17,3,3,3,4,43,88,91,90,89,0,14,15,16,17,3,3,3,3,43,92,95,94,93,0,14,15,16,17,3,3,3,4,43,96,98,99,97,0,0,1,2,3,1,1,1,1,43,100,103,102,101,0,10,11,12,13,3,3,3,3,43,104,107,106,105,0,14,15,16,17,3,3,3,4,43,108,110,111,109,0,4,5,6,7,2,2,5,2,43,112,114,115,113,0,0,1,2,3,0,0,0,0,43,116,118,119,117,0,4,5,6,7,2,2,5,2,43,123,120,121,122,0,14,15,16,17,3,3,3,4,43,124,126,127,125,0,4,5,6,7,0,0,0,0,43,128,130,131,129,0,0,1,2,3,1,1,1,1,43,132,134,135,133,0,4,5,6,7,2,2,2,2,43,139,138,136,137,0,4,7,6,5,0,0,0,0,43,140,141,143,142,0,4,7,6,5,0,0,0,0,43,144,146,147,145,0,4,5,6,7,1,1,1,1,43,148,150,151,149,0,4,5,6,7,1,1,1,1,43,152,154,155,153,0,4,5,6,7,1,1,1,1,43,156,158,159,157,0,4,5,6,7,2,2,5,2,43,160,162,163,161,0,4,5,6,7,0,0,0,0,43,164,166,167,165,0,4,5,6,7,2,2,2,2,43,171,169,168,170,0,18,19,20,21,1,1,1,1,43,175,173,172,174,0,18,19,20,21,1,1,1,1,43,176,178,179,177,0,18,19,20,21,2,2,5,2,43,180,181,183,182,0,18,21,20,19,0,0,6,0,43,184,185,187,186,0,18,21,20,19,0,0,0,0,43,188,190,191,189,0,18,19,20,21,2,2,2,2,43,195,192,193,194,0,22,23,24,25,3,3,3,4,43,196,198,199,197,0,0,1,2,3,0,0,0,0],
    "materials": [{
        "opacity": 1,
        "visible": true,
        "colorSpecular": [0.5,0.5,0.5],
        "blending": "NormalBlending",
        "colorDiffuse": [0.64,0.64,0.64],
        "DbgIndex": 0,
        "colorEmissive": [0,0,0],
        "depthWrite": true,
        "DbgColor": 15658734,
        "wireframe": false,
        "DbgName": "Material",
        "shading": "phong",
        "specularCoef": 50,
        "depthTest": true,
        "colorAmbient": [0.64,0.64,0.64],
        "transparent": false
    }],
    "uvs": [[1.00016,0.750347,1.00016,0.875164,0.875154,0.875164,0.875154,0.750347,0.125164,0.625347,0.125164,0.750164,0.000154,0.750164,0.000154,0.625347,0.875154,0.875164,0.875154,0.750347,0.124656,0.625929,0.124656,0.749196,0.000286,0.749196,0.000286,0.625929,0.999656,0.750929,0.999656,0.874196,0.875286,0.874196,0.875286,0.750929,0.237663,0.512829,0.237663,0.612682,0.137655,0.612682,0.137655,0.512829,0.362219,0.513256,0.362219,0.611869,0.262723,0.611869,0.262723,0.513256]]
}