{
    "normals": [0,1,0,0,0.999969,0,0,0,1,0.707083,0.707083,0,-0.707083,0.707083,0,-0.577349,0.577349,0.577349,0.577349,0.577349,0.577349,0.999969,0,0,0.707083,0,0.707083,-0.707083,0,0.707083,-0.999969,0,0,1,0,0,-1,0,0],
    "uvs": [[0.249656,0.875929,0.249656,0.999196,0.125286,0.999196,0.125286,0.875929,1.00016,0.875347,1.00016,1.00016,0.875154,1.00016,0.875154,0.875347,0.250164,0.875347,0.250164,1.00016,0.125154,1.00016,0.125154,0.875347,0.999656,0.875929,0.999656,0.999196,0.875286,0.999196,0.875286,0.875929,0.500164,0.875347,0.500164,1.00016,0.375154,1.00016,0.375154,0.875347,0.499656,0.875929,0.499656,0.999196,0.375286,0.999196,0.375286,0.875929]],
    "vertices": [0,10,-15,0,10,-5,10,10,-5,10,10,-15,40,10,-15,50,10,-15,30,20,-15,40,20,-15,30,10,-15,40,10,-15,40,20,-15,30,20,-15,40,30,-15,30,30,-15,30,40,-15,40,40,-15,30,30,-15,40,30,-15,20,40,-15,30,40,-15,20,30,-15,30,30,-15,20,30,-15,30,30,-15,20,20,-15,30,20,-15,20,20,-15,30,20,-15,20,10,-15,30,10,-15,40,10,-15,40,10,-5,50,10,-5,50,10,-15,40,0,5,40,1e-06,15,10,10,-5,10,10,5,0,10,5,0,10,-5,10,10,5,10,10,15,0,10,15,0,10,5,20,1e-06,15,10,1e-06,15,20,10,15,10,10,15,20,10,5,20,10,15,10,10,15,10,10,5,20,10,-15,20,10,-5,10,10,-5,10,10,-15,10,10,-15,0,10,-15,10,20,-15,0,20,-15,10,20,-15,0,20,-15,10,30,-15,0,30,-15,10,30,-15,0,30,-15,10,40,-15,0,40,-15,20,30,-15,10,30,-15,20,40,-15,10,40,-15,10,30,-15,20,30,-15,10,20,-15,20,20,-15,20,10,-15,10,10,-15,20,20,-15,10,20,-15,20,10,-5,20,10,5,10,10,5,10,10,-5,20,20,-5,20,20,5,10,20,5,10,20,-5,10,40,-15,0,40,-15,10,50,-15,0,50,-15,20,40,-15,10,40,-15,20,50,-15,10,50,-15,0,60,-15,10,60,-15,0,50,-15,10,50,-15,20,0,5,20,1e-06,15,20,10,5,20,10,15,20,60,-15,30,60,-15,20,50,-15,30,50,-15,20,0,5,20,1e-06,15,20,-10,5,20,-10,15,10,1e-06,15,0,1e-06,15,10,10,15,0,10,15,50,1e-06,15,50,0,5,50,10,-5,50,10,5,40,10,5,40,10,-5,40,10,5,50,10,5,40,0,5,50,0,5,30,10,-15,30,10,-5,40,10,-5,40,10,-15,30,10,5,30,10,15,40,10,15,40,10,5,50,10,-15,50,10,-5,60,10,-5,60,10,-15,30,10,15,40,10,15,30,1e-06,15,40,1e-06,15,20,0,5,20,1e-06,15,30,1e-06,15,30,0,5,20,10,-5,20,10,5,30,10,5,30,10,-5,20,10,5,30,10,5,20,0,5,30,0,5,30,-1e-06,-15,30,-0,-5,20,-0,-5,20,-1e-06,-15,50,20,-15,40,20,-15,50,20,-15,40,20,-15,50,30,-15,40,30,-15,50,30,-15,40,30,-15,50,40,-15,40,40,-15,60,30,-15,50,30,-15,60,40,-15,50,40,-15,60,20,-15,50,20,-15,60,30,-15,50,30,-15,60,10,-15,50,10,-15,60,20,-15,50,20,-15,40,10,-5,40,10,5,30,10,5,30,10,-5,40,20,-5,40,20,5,30,20,5,30,20,-5,60,10,-5,60,10,5,50,10,5,50,10,-5,60,10,5,60,10,15,50,10,15,50,10,5,30,40,-15,20,40,-15,30,50,-15,20,50,-15,40,40,-15,30,40,-15,40,50,-15,30,50,-15,50,40,-15,40,40,-15,50,50,-15,40,50,-15,60,40,-15,50,40,-15,60,50,-15,50,50,-15,10,60,-15,20,60,-15,10,50,-15,20,50,-15,50,10,15,50,10,5,50,1e-06,15,50,0,5,40,0,5,40,1e-06,15,40,10,5,40,10,15,30,1e-06,15,30,0,5,30,10,15,30,10,5,30,-1e-06,-15,20,-1e-06,-15,30,10,-15,20,10,-15,30,-0,-5,30,-1e-06,-15,30,10,-5,30,10,-15,60,1e-06,15,50,1e-06,15,60,10,15,50,10,15,40,-10,15,40,-10,5,40,1e-06,15,40,0,5,50,-10,15,40,-10,15,50,1e-06,15,40,1e-06,15,30,-10,5,30,-10,15,30,0,5,30,1e-06,15,30,-10,15,20,-10,15,30,1e-06,15,20,1e-06,15,20,-1e-06,-15,20,-0,-5,20,10,-15,20,10,-5,40,50,-15,30,50,-15,40,60,-15,30,60,-15,50,50,-15,40,50,-15,50,60,-15,40,60,-15,60,50,-15,50,50,-15,60,60,-15,50,60,-15,50,-10,5,50,-10,15,50,0,5,50,1e-06,15],
    "metadata": {
        "normals": 13,
        "uvs": 1,
        "vertices": 276,
        "faces": 73,
        "version": 3,
        "type": "Geometry",
        "generator": "io_three"
    },
    "faces": [41,3,0,1,2,0,1,2,3,0,0,0,1,41,160,162,163,161,4,5,6,7,2,2,2,2,41,5,158,159,4,8,9,10,11,2,2,2,2,41,9,7,6,8,8,9,10,11,2,2,2,2,41,10,12,13,11,4,5,6,7,2,2,2,2,41,17,15,14,16,8,9,10,11,2,2,2,2,41,21,19,18,20,8,9,10,11,2,2,2,2,41,25,23,22,24,8,9,10,11,2,2,2,2,41,29,27,26,28,8,9,10,11,2,2,2,2,41,36,39,38,37,0,1,2,3,0,0,0,0,41,40,43,42,41,0,1,2,3,0,0,0,1,41,44,46,47,45,8,9,10,11,2,2,2,2,41,48,51,50,49,0,1,2,3,0,0,0,1,41,52,55,54,53,0,1,2,3,0,0,0,1,41,56,58,59,57,8,9,10,11,2,2,2,2,41,60,62,63,61,8,9,10,11,2,2,2,2,41,64,66,67,65,8,9,10,11,2,2,2,2,41,68,70,71,69,8,9,10,11,2,2,2,2,41,75,73,72,74,4,5,6,7,2,2,2,2,41,76,78,79,77,8,9,10,11,2,2,2,2,41,84,87,86,85,12,13,14,15,3,4,5,6,41,80,84,85,81,4,5,6,7,7,3,6,8,41,81,85,86,82,4,5,6,7,8,6,5,9,41,82,86,87,83,4,5,6,7,9,5,4,10,41,88,90,91,89,16,17,18,19,2,2,2,2,41,92,94,95,93,8,9,10,11,2,2,2,2,41,99,97,96,98,16,17,18,19,2,2,2,2,41,100,102,103,101,8,9,10,11,11,11,7,11,41,107,105,104,106,16,17,18,19,2,2,2,2,41,111,109,108,110,8,9,10,11,12,12,12,12,41,112,114,115,113,8,9,10,11,2,2,2,2,41,33,30,31,32,12,13,14,15,0,0,0,1,41,117,34,35,116,0,1,2,3,0,0,0,1,41,118,121,120,119,12,13,14,15,0,0,0,0,41,125,123,122,124,4,5,6,7,2,2,2,2,41,129,126,127,128,0,1,2,3,0,0,0,1,41,133,130,131,132,0,1,2,3,0,0,0,1,41,141,139,138,140,8,9,10,11,2,2,2,2,41,145,142,143,144,0,1,2,3,0,0,0,1,41,149,146,147,148,0,1,2,3,0,0,0,0,41,153,151,150,152,8,9,10,11,2,2,2,2,41,154,157,156,155,0,1,2,3,0,0,0,1,41,164,166,167,165,8,9,10,11,2,2,2,2,41,168,170,171,169,16,17,18,19,2,2,2,2,41,172,174,175,173,8,9,10,11,2,2,2,2,41,176,178,179,177,8,9,10,11,2,2,2,2,41,137,134,135,136,12,13,14,15,0,0,0,1,41,184,187,186,185,12,13,14,15,3,4,5,6,41,180,184,185,181,4,5,6,7,7,3,6,8,41,181,185,186,182,4,5,6,7,8,6,5,9,41,182,186,187,183,4,5,6,7,9,5,4,10,41,188,191,190,189,0,1,2,3,0,0,0,0,41,192,195,194,193,20,21,22,23,0,0,0,1,41,196,198,199,197,16,17,18,19,2,2,2,2,41,200,202,203,201,8,9,10,11,2,2,2,2,41,204,206,207,205,16,17,18,19,2,2,2,2,41,208,210,211,209,8,9,10,11,2,2,2,2,41,215,213,212,214,8,9,10,11,2,2,2,2,41,219,218,216,217,8,11,10,9,12,12,10,12,41,220,222,223,221,8,9,10,11,11,11,7,11,41,224,226,227,225,8,9,10,11,12,12,12,12,41,228,230,231,229,8,9,10,11,2,2,2,2,41,232,234,235,233,8,9,10,11,12,12,12,12,41,236,238,239,237,8,9,10,11,2,2,2,2,41,240,242,243,241,8,9,10,11,12,12,12,12,41,244,246,247,245,8,9,10,11,2,2,2,2,41,248,250,251,249,8,9,10,11,11,11,11,11,41,252,254,255,253,8,9,10,11,2,2,2,2,41,256,258,259,257,8,9,10,11,11,11,11,11,41,260,262,263,261,8,9,10,11,2,2,2,2,41,264,266,267,265,16,17,18,19,2,2,2,2,41,268,270,271,269,8,9,10,11,2,2,2,2,41,272,274,275,273,8,9,10,11,11,11,11,11],
    "name": "Cube.008Geometry"
}