{
    "normals": [1,0,0,-1,0,0,0,1,0,0,0.707083,0.707083,0,0,1,0,0.999969,0,-0.707083,0,0.707083,-0.707083,0.707083,0,-0.577349,0.577349,0.577349,0.999969,0,0,0.707083,0.707083,0,0.577349,0.577349,0.577349,0.707083,0,0.707083,0,-1,0,0,-0.999969,0,-0.999969,0,0],
    "vertices": [20,-0,-5,20,0,5,10,10,5,10,10,-5,10,0,5,10,-0,-5,20,10,-5,20,10,5,60,1e-06,15,50,1e-06,15,60,10,5,60,10,15,50,10,15,50,10,5,60,10,-5,60,10,5,50,10,5,50,10,-5,60,10,-15,60,10,-5,50,10,-5,50,10,-15,30,1e-06,15,20,1e-06,15,30,10,5,30,10,15,20,10,15,20,10,5,40,1e-06,15,30,1e-06,15,40,10,5,40,10,15,30,10,15,30,10,5,30,10,-5,30,10,5,20,10,5,20,10,-5,20,-0,-5,20,0,5,10,0,5,10,-0,-5,30,10,-15,30,10,-5,20,10,-5,20,10,-15,50,10,-5,50,10,5,40,10,5,40,10,-5,50,1e-06,15,40,1e-06,15,50,10,5,50,10,15,40,10,15,40,10,5,40,10,-5,40,10,-5,40,10,-15,40,10,-15,40,20,-5,40,20,-15,40,20,-5,30,20,-5,30,20,-15,40,30,-5,30,30,-5,30,30,-15,20,10,-15,40,30,5,30,30,5,30,30,-5,40,40,-5,40,40,5,30,40,5,30,40,-5,60,30,-15,50,30,5,40,30,5,20,10,-5,50,40,-5,50,40,5,40,40,5,40,40,-5,40,50,-25,50,40,-25,50,40,-15,50,30,-5,50,30,-15,30,30,-5,20,30,-5,20,30,-15,30,40,-15,30,40,-5,20,40,-5,20,40,-15,30,40,-15,30,40,-5,30,50,-15,30,50,-25,30,50,-15,30,50,-5,40,50,-15,50,50,-15,50,40,-5,40,40,-5,30,40,-5,30,40,-15,40,50,-15,40,50,-5,30,50,-5,30,50,-15,50,40,-15,50,40,-5,40,40,-5,50,30,-15,50,50,-15,50,50,-5,40,50,-5,40,50,-15,50,40,-15,50,50,-25,50,40,-25,40,50,-15,50,40,-15,50,30,-25,50,50,-15,50,50,-25,40,50,-25,30,40,-15,30,40,-25,30,50,-15,30,50,-25,30,40,-25,30,40,-15,20,40,-15,20,40,-25,20,30,-15,20,30,-25,20,40,-15,20,40,-25,50,20,-5,40,20,-5,50,30,-5,40,30,-5,50,20,-15,50,20,-5,50,30,-15,50,30,-5,10,10,-5,20,20,-15,20,20,-5,10,20,-5,30,30,-5,30,30,5,40,30,5,40,30,-5,40,30,-5,40,30,5,50,30,5,50,30,-5,50,10,-5,50,10,-15,50,20,-5,50,20,-15,50,10,-5,40,10,-5,50,20,-5,40,20,-5,10,10,-15,10,10,-5,10,20,-15,10,20,-5,20,20,-15,20,20,-5,10,20,-5,10,20,-15,20,1e-06,15,10,1e-06,15,20,10,5,20,10,15,10,10,15,10,10,5,30,10,-5,30,10,5,40,10,5,40,10,-5,20,10,-15,20,10,-5,10,10,-5,10,10,-15,10,1e-06,15,0,1e-06,15,10,10,5,10,10,15,0,10,15,0,10,5,10,10,-5,10,10,5,0,10,5,0,10,-5,10,10,-15,10,10,-5,0,10,-5,0,10,-15,60,30,-5,60,30,5,50,30,5,60,40,-5,60,40,5,50,40,5,50,40,-5,60,30,-5,30,10,-5,60,40,-15,60,40,-5,50,40,-5,50,40,-15,30,10,-15,50,30,-5,50,30,5,60,30,5,60,30,-5,20,-0,-5,10,-0,-5,20,10,-5,10,10,-5],
    "name": "Cube.007Geometry",
    "metadata": {
        "type": "Geometry",
        "normals": 16,
        "vertices": 227,
        "version": 3,
        "faces": 68,
        "generator": "io_three",
        "uvs": 1
    },
    "faces": [41,4,5,3,2,0,1,2,3,0,0,0,0,41,6,0,1,7,6,7,4,5,1,1,1,1,41,10,13,12,11,8,9,10,11,2,2,3,3,41,8,11,12,9,4,5,6,7,4,3,3,4,41,14,17,16,15,12,13,14,15,2,2,2,2,41,18,21,20,19,12,13,14,15,2,2,2,5,41,24,27,26,25,12,13,14,15,2,2,3,3,41,22,25,26,23,4,5,6,7,4,3,3,4,41,30,33,32,31,16,17,18,19,2,2,3,3,41,28,31,32,29,20,21,22,23,4,3,3,4,41,34,37,36,35,12,13,14,15,2,2,2,2,41,38,41,40,39,24,25,26,27,2,2,2,5,41,42,45,44,43,28,29,30,31,2,2,2,5,41,46,49,48,47,28,29,30,31,2,2,2,2,41,52,55,54,53,28,29,30,31,2,2,3,3,41,50,53,54,51,32,33,34,35,4,3,3,4,41,59,218,213,56,28,29,30,31,2,2,2,5,41,57,60,61,58,36,37,38,39,1,1,1,1,41,63,66,67,64,36,37,38,39,6,6,1,1,41,62,65,66,63,36,37,38,39,4,4,6,6,41,80,83,82,81,40,41,42,43,2,2,3,3,41,72,75,74,73,40,41,42,43,2,7,8,3,41,69,73,74,70,44,45,46,47,4,3,8,6,41,70,74,75,71,44,45,46,47,6,8,7,1,41,77,81,82,78,44,45,46,47,4,3,3,4,41,125,85,124,115,44,45,46,47,0,0,9,0,41,141,143,144,142,36,37,38,39,4,4,4,4,41,127,84,102,103,40,41,42,43,2,2,2,5,41,92,95,94,93,40,41,42,43,2,7,8,3,41,88,86,104,87,44,45,46,47,0,0,0,0,41,89,93,94,90,44,45,46,47,4,3,8,6,41,90,94,95,91,44,45,46,47,6,8,7,1,41,137,139,140,138,44,45,46,47,1,1,1,1,41,96,100,101,97,44,45,46,47,0,0,0,9,41,108,111,110,109,40,41,42,43,2,7,8,3,41,122,121,126,120,44,45,46,47,0,0,0,0,41,105,109,110,106,44,45,46,47,4,3,8,6,41,106,110,111,107,44,45,46,47,6,8,7,1,41,116,119,118,117,40,41,42,43,10,2,3,11,41,112,116,117,113,44,45,46,47,0,10,11,12,41,113,117,118,114,44,45,46,47,12,11,3,4,41,128,99,98,123,40,41,42,43,2,2,2,5,41,145,147,148,146,36,37,38,39,0,0,0,0,41,129,131,132,130,44,45,46,47,1,1,1,1,41,133,136,135,134,40,41,42,43,2,2,2,5,41,68,150,151,79,48,49,50,51,0,0,12,12,41,79,151,152,149,52,53,54,55,12,12,4,4,41,156,155,154,153,40,43,42,41,13,14,13,13,41,160,159,158,157,40,43,42,41,13,14,13,13,41,161,163,164,162,36,37,38,39,1,1,1,1,41,165,167,168,166,36,37,38,39,4,4,4,4,41,169,170,172,171,48,51,50,49,1,15,1,1,41,173,176,175,174,56,57,58,59,2,2,2,5,41,179,182,181,180,12,13,14,15,2,2,3,3,41,177,180,181,178,4,5,6,7,4,3,3,4,41,186,183,184,185,24,25,26,27,2,2,2,2,41,187,190,189,188,8,9,10,11,2,2,2,5,41,193,196,195,194,12,13,14,15,2,2,3,3,41,191,194,195,192,0,3,2,1,4,3,3,4,41,197,200,199,198,24,25,26,27,2,2,2,2,41,201,204,203,202,8,9,10,11,2,2,2,5,41,206,209,210,207,44,45,46,47,12,11,3,4,41,205,208,209,206,44,45,46,47,0,10,11,12,41,208,211,210,209,40,41,42,43,10,2,3,11,41,76,214,215,212,44,45,46,47,0,10,10,0,41,214,217,216,215,40,41,42,43,10,2,2,10,41,222,221,220,219,40,43,42,41,13,14,13,13,41,223,225,226,224,4,5,6,7,4,4,4,4],
    "uvs": [[0.125164,0.875347,0.000154,0.875347,0.000154,1.00016,0.125164,1.00016,0.375164,0.875347,0.375164,1.00016,0.250154,1.00016,0.250154,0.875347,0.874656,0.750929,0.874656,0.874196,0.750286,0.874196,0.750286,0.750929,0.249656,0.625929,0.249656,0.749196,0.125286,0.749196,0.125286,0.625929,0.249656,0.875929,0.249656,0.999196,0.125286,0.999196,0.125286,0.875929,0.250164,0.875347,0.250164,1.00016,0.125154,1.00016,0.125154,0.875347,0.124656,0.875929,0.124656,0.999196,0.000286,0.999196,0.000286,0.875929,0.499656,0.875929,0.499656,0.999196,0.375286,0.999196,0.375286,0.875929,0.500164,0.875347,0.500164,1.00016,0.375154,1.00016,0.375154,0.875347,0.125164,0.750347,0.125164,0.875164,0.000154,0.875164,0.000154,0.750347,0.374656,0.625929,0.374656,0.749196,0.250286,0.749196,0.250286,0.625929,0.375164,0.625347,0.375164,0.750164,0.250154,0.750164,0.250154,0.625347,0.625164,0.750347,0.625164,0.875164,0.500154,0.875164,0.500154,0.750347,0.500164,0.750347,0.500164,0.875164,0.375154,0.875164,0.375154,0.750347,0.749656,0.750929,0.749656,0.874196,0.625286,0.874196,0.625286,0.750929]]
}