{
<<<<<<< HEAD
    "normals": [0,0,1,1,0,0,-1,0,0,0,1,0,0.999969,0,0,0,0.999969,0,-0.999969,0,0],
    "vertices": [10,0,5,10,1e-06,15,10,-10,5,10,-10,15,20,-10,15,10,-10,15,20,1e-06,15,10,1e-06,15,30,-10,15,20,-10,15,30,1e-06,15,20,1e-06,15,40,-10,5,40,-10,15,40,0,5,40,1e-06,15,60,10,-15,60,10,-5,50,10,-5,50,10,-15,60,10,-5,60,10,5,50,10,5,50,10,-5,50,0,5,50,-0,-5,50,10,5,50,10,-5,20,10,5,20,10,-5,20,0,5,20,-0,-5,20,10,-5,30,10,-5,20,-0,-5,30,-0,-5,20,-0,-5,20,0,5,30,0,5,30,-0,-5,10,10,15,10,10,5,10,1e-06,15,10,0,5,10,10,5,20,10,5,10,0,5,20,0,5,10,0,5,10,1e-06,15,20,1e-06,15,20,0,5,60,1e-06,15,50,1e-06,15,60,10,15,50,10,15,40,10,15,50,10,15,40,1e-06,15,50,1e-06,15,40,10,-15,40,10,-5,50,10,-5,50,10,-15,40,-0,-5,40,0,5,50,0,5,50,-0,-5,40,10,5,40,10,15,50,10,15,50,10,5,30,1e-06,15,40,1e-06,15,30,-10,15,40,-10,15,30,10,-15,30,10,-5,40,10,-5,40,10,-15,30,-0,-5,30,0,5,40,0,5,40,-0,-5,30,0,5,30,1e-06,15,40,1e-06,15,40,0,5,20,10,-15,20,10,-5,30,10,-5,30,10,-15,20,0,5,20,1e-06,15,30,1e-06,15,30,0,5,10,20,-5,10,20,5,20,20,5,20,20,-5,0,10,15,10,10,15,0,1e-06,15,10,1e-06,15,0,10,-15,0,10,-5,10,10,-5,10,10,-15,0,10,-5,0,10,5,10,10,5,10,10,-5,0,10,5,0,10,15,10,10,15,10,10,5,50,10,5,50,10,15,60,10,15,60,10,5,20,20,5,20,20,-5,20,10,5,20,10,-5,10,10,5,10,10,-5,10,20,5,10,20,-5,10,20,5,20,20,5,10,10,5,20,10,5,40,10,-5,50,10,-5,40,-0,-5,50,-0,-5,30,10,-5,40,10,-5,30,-0,-5,40,-0,-5,40,10,15,40,10,5,40,1e-06,15,40,0,5,10,20,-5,20,20,-5,10,10,-5,20,10,-5,10,30,-5,20,30,-5,10,20,-5,20,20,-5,20,10,-15,20,10,-5,20,20,-15,20,20,-5,10,10,-15,10,10,-5,10,20,-15,10,20,-5,10,20,-15,10,20,-5,10,30,-15,10,30,-5,20,20,-15,20,20,-5,20,30,-15,20,30,-5,10,30,-15,10,30,-5,20,30,-5,20,30,-15],
    "name": "Cube.007Geometry",
    "metadata": {
        "type": "Geometry",
        "normals": 7,
        "vertices": 172,
        "version": 3,
        "faces": 43,
        "generator": "io_three",
        "materials": 1,
        "uvs": 1
    },
    "faces": [43,4,6,7,5,0,0,1,2,3,0,0,0,0,43,8,10,11,9,0,4,5,6,7,0,0,0,0,43,12,14,15,13,0,0,1,2,3,1,1,1,1,43,0,2,3,1,0,2,3,0,1,2,2,2,2,43,52,54,55,53,0,4,5,6,7,0,0,0,0,43,20,23,22,21,0,8,9,10,11,3,3,3,3,43,24,26,27,25,0,4,5,6,7,2,2,2,2,43,31,29,28,30,0,4,5,6,7,1,1,4,1,43,35,33,32,34,0,0,1,2,3,0,0,0,0,43,39,36,37,38,0,12,13,14,15,3,3,3,5,43,43,41,40,42,0,4,5,6,7,1,1,4,1,43,47,45,44,46,0,4,5,6,7,0,0,0,0,43,51,48,49,50,0,12,13,14,15,3,3,3,5,43,16,19,18,17,0,12,13,14,15,3,3,3,5,43,63,60,61,62,0,12,13,14,15,3,3,3,5,43,59,57,56,58,0,4,5,6,7,0,0,0,0,43,67,64,65,66,0,8,9,10,11,3,3,3,5,43,71,68,69,70,0,8,9,10,11,3,3,3,5,43,75,73,72,74,0,0,1,2,3,0,0,0,0,43,83,80,81,82,0,12,13,14,15,3,3,3,5,43,91,88,89,90,0,12,13,14,15,3,3,3,5,43,103,101,100,102,0,0,1,2,3,0,0,0,0,43,107,104,105,106,0,12,13,14,15,3,3,3,5,43,99,96,97,98,0,8,9,10,11,3,3,3,5,43,111,108,109,110,0,12,13,14,15,3,3,3,3,43,115,112,113,114,0,12,13,14,15,3,3,3,5,43,87,84,85,86,0,12,13,14,15,3,3,3,5,43,95,92,93,94,0,8,9,10,11,3,3,3,5,43,79,76,77,78,0,12,13,14,15,3,3,3,5,43,119,116,117,118,0,8,9,10,11,3,3,3,5,43,123,121,120,122,0,4,5,6,7,4,1,1,1,43,124,126,127,125,0,4,5,6,7,2,2,2,6,43,131,129,128,130,0,4,5,6,7,0,0,0,0,43,135,133,132,134,0,0,1,2,3,0,0,0,0,43,139,137,136,138,0,0,1,2,3,0,0,0,0,43,143,142,140,141,0,4,7,6,5,2,2,6,2,43,147,145,144,146,0,16,17,18,19,0,0,0,0,43,151,149,148,150,0,16,17,18,19,0,0,0,0,43,152,154,155,153,0,16,17,18,19,1,1,1,1,43,156,157,159,158,0,16,19,18,17,2,2,2,2,43,160,161,163,162,0,16,19,18,17,2,2,6,2,43,164,166,167,165,0,16,17,18,19,1,1,4,1,43,171,168,169,170,0,20,21,22,23,3,3,3,5],
    "materials": [{
        "opacity": 1,
        "visible": true,
        "colorSpecular": [0.5,0.5,0.5],
        "blending": "NormalBlending",
        "colorDiffuse": [0.64,0.64,0.64],
        "DbgIndex": 0,
        "colorEmissive": [0,0,0],
        "depthWrite": true,
        "DbgColor": 15658734,
        "wireframe": false,
        "DbgName": "Material",
        "shading": "phong",
        "specularCoef": 50,
        "depthTest": true,
        "colorAmbient": [0.64,0.64,0.64],
        "transparent": false
    }],
    "uvs": [[1.00016,0.750347,1.00016,0.875164,0.875154,0.875164,0.875154,0.750347,0.125164,0.625347,0.125164,0.750164,0.000154,0.750164,0.000154,0.625347,0.124656,0.625929,0.124656,0.749196,0.000286,0.749196,0.000286,0.625929,0.999656,0.750929,0.999656,0.874196,0.875286,0.874196,0.875286,0.750929,0.237663,0.512829,0.237663,0.612682,0.137655,0.612682,0.137655,0.512829,0.362219,0.513256,0.362219,0.611869,0.262723,0.611869,0.262723,0.513256]]
=======
    "uvs": [[1.00016,0.750347,1.00016,0.875164,0.875154,0.875164,0.875154,0.750347,0.125164,0.625347,0.125164,0.750164,0.000154,0.750164,0.000154,0.625347,0.124656,0.625929,0.124656,0.749196,0.000286,0.749196,0.000286,0.625929,0.999656,0.750929,0.999656,0.874196,0.875286,0.874196,0.875286,0.750929,0.237663,0.512829,0.237663,0.612682,0.137655,0.612682,0.137655,0.512829,0.362219,0.513256,0.362219,0.611869,0.262723,0.611869,0.262723,0.513256]],
    "materials": [{
        "DbgColor": 15658734,
        "colorAmbient": [0.64,0.64,0.64],
        "blending": "NormalBlending",
        "visible": true,
        "wireframe": false,
        "opacity": 1,
        "depthWrite": true,
        "DbgName": "Material",
        "colorSpecular": [0.5,0.5,0.5],
        "shading": "phong",
        "transparent": false,
        "specularCoef": 50,
        "depthTest": true,
        "colorDiffuse": [0.64,0.64,0.64],
        "DbgIndex": 0,
        "colorEmissive": [0,0,0]
    }],
    "metadata": {
        "type": "Geometry",
        "version": 3,
        "materials": 1,
        "vertices": 168,
        "faces": 42,
        "uvs": 1,
        "generator": "io_three",
        "normals": 7
    },
    "name": "Cube.007Geometry",
    "vertices": [10,0,5,10,1e-06,15,10,-10,5,10,-10,15,20,-10,15,10,-10,15,20,1e-06,15,10,1e-06,15,30,-10,15,20,-10,15,30,1e-06,15,20,1e-06,15,40,-10,5,40,-10,15,40,0,5,40,1e-06,15,60,10,-15,60,10,-5,50,10,-5,50,10,-15,60,10,-5,60,10,5,50,10,5,50,10,-5,50,0,5,50,-0,-5,50,10,5,50,10,-5,20,10,5,20,10,-5,20,0,5,20,-0,-5,20,10,-5,30,10,-5,20,-0,-5,30,-0,-5,20,-0,-5,20,0,5,30,0,5,30,-0,-5,10,10,15,10,10,5,10,1e-06,15,10,0,5,10,10,5,20,10,5,10,0,5,20,0,5,10,0,5,10,1e-06,15,20,1e-06,15,20,0,5,60,1e-06,15,50,1e-06,15,60,10,15,50,10,15,40,10,15,50,10,15,40,1e-06,15,50,1e-06,15,40,10,-15,40,10,-5,50,10,-5,50,10,-15,40,-0,-5,40,0,5,50,0,5,50,-0,-5,40,10,5,40,10,15,50,10,15,50,10,5,30,1e-06,15,40,1e-06,15,30,-10,15,40,-10,15,30,10,-15,30,10,-5,40,10,-5,40,10,-15,30,-0,-5,30,0,5,40,0,5,40,-0,-5,30,0,5,30,1e-06,15,40,1e-06,15,40,0,5,20,10,-15,20,10,-5,30,10,-5,30,10,-15,20,0,5,20,1e-06,15,30,1e-06,15,30,0,5,10,20,-5,10,20,5,20,20,5,20,20,-5,0,10,15,10,10,15,0,1e-06,15,10,1e-06,15,0,10,-15,0,10,-5,10,10,-5,10,10,-15,0,10,-5,0,10,5,10,10,5,10,10,-5,0,10,5,0,10,15,10,10,15,10,10,5,50,10,5,50,10,15,60,10,15,60,10,5,20,20,5,20,20,-5,20,10,5,20,10,-5,10,10,5,10,10,-5,10,20,5,10,20,-5,10,20,5,20,20,5,10,10,5,20,10,5,40,10,-5,50,10,-5,40,-0,-5,50,-0,-5,30,10,-5,40,10,-5,30,-0,-5,40,-0,-5,40,10,15,40,10,5,40,1e-06,15,40,0,5,10,30,-5,20,30,-5,10,20,-5,20,20,-5,20,10,-15,20,10,-5,20,20,-15,20,20,-5,10,10,-15,10,10,-5,10,20,-15,10,20,-5,10,20,-15,10,20,-5,10,30,-15,10,30,-5,20,20,-15,20,20,-5,20,30,-15,20,30,-5,10,30,-15,10,30,-5,20,30,-5,20,30,-15],