{
    "normals": [0,0,1,0,1,0,0,0.999969,0,-1,0,0,0.999969,0,0,1,0,0,-0.999969,0,0],
    "vertices": [0,60,-15,10,60,-15,0,50,-15,10,50,-15,20,50,-15,10,50,-15,20,60,-15,10,60,-15,0,40,-15,10,40,-15,0,30,-15,10,30,-15,10,20,-15,0,20,-15,10,30,-15,0,30,-15,10,10,-15,0,10,-15,10,20,-15,0,20,-15,10,1e-06,15,0,1e-06,15,10,10,15,0,10,15,10,10,5,10,10,15,0,10,15,0,10,5,10,10,-15,10,10,-5,0,10,-5,0,10,-15,10,40,-15,0,40,-15,10,50,-15,0,50,-15,10,40,-15,20,40,-15,10,30,-15,20,30,-15,20,20,-15,10,20,-15,20,30,-15,10,30,-15,20,10,-15,10,10,-15,20,20,-15,10,20,-15,20,20,-5,20,20,5,10,20,5,10,20,-5,30,0,5,30,1e-06,15,20,1e-06,15,20,0,5,20,10,-15,20,10,-5,10,10,-5,10,10,-15,20,40,-15,10,40,-15,20,50,-15,10,50,-15,20,40,-15,30,40,-15,20,30,-15,30,30,-15,30,20,-15,20,20,-15,30,30,-15,20,30,-15,30,10,-15,20,10,-15,30,20,-15,20,20,-15,30,10,-5,30,10,5,20,10,5,20,10,-5,10,0,5,10,1e-06,15,20,1e-06,15,20,0,5,30,10,-15,30,10,-5,20,10,-5,20,10,-15,30,40,-15,20,40,-15,30,50,-15,20,50,-15,40,20,-15,30,20,-15,40,30,-15,30,30,-15,40,10,-15,30,10,-15,40,20,-15,30,20,-15,40,1e-06,15,30,1e-06,15,40,10,15,30,10,15,40,10,-5,40,10,5,30,10,5,30,10,-5,40,10,5,40,10,15,30,10,15,30,10,5,40,10,-15,40,10,-5,30,10,-5,30,10,-15,40,40,-15,30,40,-15,40,50,-15,30,50,-15,50,10,-15,40,10,-15,50,20,-15,40,20,-15,50,1e-06,15,40,1e-06,15,50,10,15,40,10,15,50,10,-5,50,10,5,40,10,5,40,10,-5,50,10,5,50,10,15,40,10,15,40,10,5,50,-1e-06,-15,50,-0,-5,40,-0,-5,40,-1e-06,-15,50,40,-15,40,40,-15,50,50,-15,40,50,-15,50,40,-15,60,40,-15,50,30,-15,60,30,-15,60,10,-15,50,10,-15,60,20,-15,50,20,-15,60,1e-06,15,50,1e-06,15,60,10,15,50,10,15,60,10,-5,60,10,5,50,10,5,50,10,-5,60,10,5,60,10,15,50,10,15,50,10,5,60,10,-15,60,10,-5,50,10,-5,50,10,-15,60,40,-15,50,40,-15,60,50,-15,50,50,-15,10,0,5,10,-0,-5,10,10,5,10,10,-5,10,10,-5,10,10,5,0,10,5,0,10,-5,20,10,-5,20,10,5,20,20,-5,20,20,5,20,10,5,10,10,5,20,20,5,10,20,5,10,10,5,10,10,-5,10,20,5,10,20,-5,40,50,-15,30,50,-15,40,60,-15,30,60,-15,20,60,-15,30,60,-15,20,50,-15,30,50,-15,40,-1e-06,-15,40,-0,-5,40,10,-15,40,10,-5,50,-0,-5,50,-1e-06,-15,50,10,-5,50,10,-15,50,-1e-06,-15,40,-1e-06,-15,50,10,-15,40,10,-15,40,40,-25,40,40,-35,40,30,-25,40,30,-35,50,30,-15,60,30,-15,50,20,-15,60,20,-15,50,20,-25,40,20,-25,50,30,-25,40,30,-25,40,20,-25,40,20,-15,40,30,-25,40,30,-15,50,40,-35,50,40,-25,50,30,-35,50,30,-25,50,20,-25,50,20,-15,40,20,-15,40,20,-25,50,30,-35,40,30,-35,50,40,-35,40,40,-35,50,30,-15,50,30,-25,50,40,-15,50,40,-25,40,30,-25,30,30,-25,40,40,-25,30,40,-25,30,30,-25,30,30,-15,30,40,-25,30,40,-15,40,30,-25,40,30,-15,30,30,-15,30,30,-25,50,30,-35,50,30,-25,40,30,-25,40,30,-35,10,0,5,10,1e-06,15,10,10,5,10,10,15,30,1e-06,15,30,0,5,30,10,15,30,10,5,30,0,5,20,0,5,30,10,5,20,10,5,20,0,5,10,0,5,20,10,5,10,10,5,30,-10,5,30,-10,15,30,0,5,30,1e-06,15,30,-10,15,20,-10,15,30,1e-06,15,20,1e-06,15,10,-10,15,10,-10,5,10,1e-06,15,10,0,5,20,-10,15,10,-10,15,20,1e-06,15,10,1e-06,15,50,30,-15,50,30,-25,50,20,-15,50,20,-25,60,50,-15,50,50,-15,60,60,-15,50,60,-15,40,60,-15,50,60,-15,40,50,-15,50,50,-15],
    "name": "Cube.009Geometry",
    "metadata": {
        "type": "Geometry",
        "normals": 7,
        "vertices": 304,
        "version": 3,
        "faces": 76,
        "generator": "io_three",
        "uvs": 1
    },
    "faces": [41,0,2,3,1,2,3,0,1,0,0,0,0,41,4,6,7,5,0,1,2,3,0,0,0,0,41,11,9,8,10,4,5,6,7,0,0,0,0,41,12,14,15,13,4,5,6,7,0,0,0,0,41,16,18,19,17,4,5,6,7,0,0,0,0,41,20,22,23,21,0,1,2,3,0,0,0,0,41,24,27,26,25,8,9,10,11,1,1,1,2,41,28,31,30,29,8,9,10,11,1,1,1,2,41,32,34,35,33,4,5,6,7,0,0,0,0,41,39,37,36,38,12,13,14,15,0,0,0,0,41,40,42,43,41,4,5,6,7,0,0,0,0,41,44,46,47,45,0,1,2,3,0,0,0,0,41,48,51,50,49,8,9,10,11,1,1,1,2,41,52,55,54,53,8,9,10,11,1,1,1,2,41,56,59,58,57,8,9,10,11,1,1,1,2,41,60,62,63,61,4,5,6,7,0,0,0,0,41,67,65,64,66,12,13,14,15,0,0,0,0,41,68,70,71,69,4,5,6,7,0,0,0,0,41,72,74,75,73,0,1,2,3,0,0,0,0,41,76,79,78,77,16,17,18,19,1,1,1,1,41,83,80,81,82,8,9,10,11,1,1,1,2,41,84,87,86,85,8,9,10,11,1,1,1,2,41,88,90,91,89,4,5,6,7,0,0,0,0,41,92,94,95,93,0,1,2,3,0,0,0,0,41,96,98,99,97,0,1,2,3,0,0,0,0,41,100,102,103,101,20,21,22,23,0,0,0,0,41,104,107,106,105,8,9,10,11,1,1,1,1,41,108,111,110,109,16,17,18,19,1,1,1,2,41,112,115,114,113,24,25,26,27,1,1,1,2,41,116,118,119,117,0,1,2,3,0,0,0,0,41,120,122,123,121,28,29,30,31,0,0,0,0,41,124,126,127,125,28,29,30,31,0,0,0,0,41,128,131,130,129,24,25,26,27,1,1,1,1,41,132,135,134,133,24,25,26,27,1,1,1,2,41,136,139,138,137,8,9,10,11,1,1,1,2,41,140,142,143,141,0,1,2,3,0,0,0,0,41,147,145,144,146,0,1,2,3,0,0,0,0,41,148,150,151,149,0,1,2,3,0,0,0,0,41,152,154,155,153,0,1,2,3,0,0,0,0,41,156,159,158,157,24,25,26,27,1,1,1,1,41,160,163,162,161,8,9,10,11,1,1,1,2,41,164,167,166,165,8,9,10,11,1,1,1,2,41,168,170,171,169,0,1,2,3,0,0,0,0,41,172,174,175,173,0,1,2,3,3,3,3,3,41,176,179,178,177,32,33,34,35,1,1,1,1,41,180,182,183,181,0,1,2,3,4,5,5,5,41,184,186,187,185,0,1,2,3,0,0,0,0,41,188,190,191,189,0,1,2,3,3,3,3,6,41,192,194,195,193,0,1,2,3,0,0,0,0,41,199,197,196,198,0,1,2,3,0,0,0,0,41,200,202,203,201,28,29,30,31,5,5,5,5,41,204,206,207,205,0,1,2,3,3,3,3,3,41,208,210,211,209,0,1,2,3,0,0,0,0,41,215,213,212,214,0,1,2,3,5,5,4,5,41,219,217,216,218,0,1,2,3,0,0,0,0,41,220,222,223,221,0,1,2,3,0,0,0,0,41,224,226,227,225,0,1,2,3,5,5,4,5,41,231,229,228,230,0,1,2,3,3,3,3,3,41,232,235,234,233,24,25,26,27,1,1,1,2,41,236,238,239,237,0,1,2,3,0,0,0,0,41,240,242,243,241,0,1,2,3,3,3,3,3,41,244,246,247,245,0,1,2,3,0,0,0,0,41,248,250,251,249,0,1,2,3,5,5,5,5,41,252,255,254,253,8,9,10,11,1,1,1,2,41,256,259,258,257,8,9,10,11,1,1,1,2,41,260,262,263,261,0,1,2,3,5,5,4,5,41,264,266,267,265,20,21,22,23,3,3,3,3,41,268,270,271,269,20,21,22,23,0,0,0,0,41,272,274,275,273,0,1,2,3,0,0,0,0,41,276,278,279,277,0,1,2,3,5,5,5,5,41,280,282,283,281,0,1,2,3,0,0,0,0,41,284,286,287,285,0,1,2,3,3,3,3,3,41,288,290,291,289,0,1,2,3,0,0,0,0,41,295,294,292,293,0,3,2,1,3,3,6,3,41,296,298,299,297,0,1,2,3,0,0,0,0,41,303,301,300,302,0,1,2,3,0,0,0,0],
    "uvs": [[0.250164,0.875347,0.250164,1.00016,0.125154,1.00016,0.125154,0.875347,0.500164,0.875347,0.500164,1.00016,0.375154,1.00016,0.375154,0.875347,0.249656,0.875929,0.249656,0.999196,0.125286,0.999196,0.125286,0.875929,0.625164,0.625347,0.625164,0.750164,0.500154,0.750164,0.500154,0.625347,0.499656,0.625929,0.499656,0.749196,0.375286,0.749196,0.375286,0.625929,0.500164,0.625347,0.500164,0.750164,0.375154,0.750164,0.375154,0.625347,0.749656,0.625929,0.749656,0.749196,0.625286,0.749196,0.625286,0.625929,0.750164,0.625347,0.750164,0.750164,0.625154,0.750164,0.625154,0.625347,0.499656,0.875929,0.499656,0.999196,0.375286,0.999196,0.375286,0.875929]]
}