{
    "normals": [-1,0,0,1,0,0,0,1,0,0,0.707083,0.707083,0,0,1,0,0.999969,0,-0.999969,0,0,0.999969,0,0,-0.707083,0.707083,0,-0.577349,0.577349,0.577349,-0.707083,0,0.707083],
    "vertices": [40,-0,-5,40,10,-5,40,10,5,40,0,5,30,0,5,30,10,5,30,10,-5,30,-0,-5,40,1e-06,15,30,1e-06,15,40,10,5,40,10,15,30,10,15,30,10,5,40,-0,-5,40,0,5,30,0,5,30,-0,-5,40,-1e-06,-15,40,10,-15,40,10,-5,40,-0,-5,30,1e-06,15,20,1e-06,15,30,10,5,30,10,15,20,10,15,20,10,5,30,-0,-5,30,10,-5,30,10,-15,30,-1e-06,-15,10,10,-15,10,10,-5,20,10,-5,20,10,-15,30,10,-15,30,10,-5,20,10,-5,20,10,-15,40,-1e-06,-15,40,-0,-5,30,-0,-5,30,-1e-06,-15,10,10,15,20,10,15,10,1e-06,15,20,1e-06,15,30,10,-5,30,20,-5,30,20,5,30,10,5,30,10,5,20,10,5,30,20,5,20,20,5,30,30,-5,30,30,5,20,30,5,20,30,-5,20,20,-5,20,30,-5,20,30,5,20,20,5,30,20,-5,30,30,-5,30,30,5,30,20,5,30,20,5,20,20,5,30,30,5,20,30,5,20,20,-5,20,20,5,10,20,5,10,20,-5,10,10,5,10,10,15,20,10,15,20,10,5,20,10,5,10,10,5,20,20,5,10,20,5,0,10,-15,0,10,-5,10,10,-5,10,10,-15,0,10,15,10,10,15,0,1e-06,15,10,1e-06,15,10,10,-5,10,10,5,0,10,5,0,10,-5,0,10,5,0,10,15,10,10,15,10,10,5,60,1e-06,15,50,1e-06,15,60,10,5,60,10,15,50,10,15,50,10,5,60,10,-15,60,10,-5,50,10,-5,50,10,-15,60,10,-5,60,10,5,50,10,5,50,10,-5,50,10,15,40,10,-15,40,10,-5,50,10,-5,50,10,-15,40,10,-5,40,10,5,50,10,5,50,10,-5,40,10,15,50,10,15,40,1e-06,15,50,1e-06,15,40,10,15,40,10,5,50,20,5,50,20,15,40,20,15,40,20,5,50,10,5,50,10,15,50,20,5,50,20,15,10,10,5,10,10,-5,10,20,5,10,20,-5],
    "name": "Cube.008Geometry",
    "metadata": {
        "type": "Geometry",
        "normals": 11,
        "vertices": 141,
        "version": 3,
        "faces": 38,
        "generator": "io_three",
        "uvs": 1
    },
    "faces": [41,1,0,3,2,2,3,0,1,0,0,0,0,41,4,7,6,5,0,3,2,1,1,1,1,1,41,10,13,12,11,4,5,6,7,2,2,3,3,41,8,11,12,9,0,1,2,3,4,3,3,4,41,14,17,16,15,8,9,10,11,2,2,2,5,41,21,20,19,18,12,13,14,15,0,6,0,0,41,24,27,26,25,16,17,18,19,2,2,3,3,41,22,25,26,23,12,13,14,15,4,3,3,4,41,28,31,30,29,12,15,14,13,1,1,1,7,41,35,32,33,34,4,5,6,7,2,2,2,5,41,36,39,38,37,4,5,6,7,2,2,2,5,41,40,43,42,41,8,9,10,11,2,2,2,5,41,47,45,44,46,12,13,14,15,4,4,4,4,41,51,48,49,50,0,3,2,1,1,7,1,7,41,52,54,55,53,0,1,2,3,4,4,4,4,41,56,59,58,57,8,9,10,11,2,2,2,5,41,63,62,61,60,0,1,2,3,0,0,0,0,41,67,64,65,66,0,3,2,1,1,1,1,1,41,68,70,71,69,0,1,2,3,4,4,4,4,41,72,75,74,73,8,9,10,11,2,2,2,5,41,79,76,77,78,16,17,18,19,2,2,2,5,41,80,82,83,81,0,1,2,3,4,4,4,4,41,87,84,85,86,4,5,6,7,2,2,2,5,41,91,89,88,90,12,13,14,15,4,4,4,4,41,92,95,94,93,16,17,18,19,2,2,2,5,41,99,96,97,98,16,17,18,19,2,2,2,5,41,102,105,104,103,8,9,10,11,2,2,3,3,41,100,103,104,101,0,1,2,3,4,3,3,4,41,106,109,108,107,16,17,18,19,2,2,2,5,41,110,113,112,111,16,17,18,19,2,2,2,2,41,118,115,116,117,8,9,10,11,2,2,2,5,41,122,119,120,121,4,5,6,7,2,2,2,2,41,126,124,123,125,0,1,2,3,4,4,4,4,41,129,132,131,130,8,9,10,11,5,8,9,3,41,114,130,131,127,0,1,2,3,4,3,9,10,41,127,131,132,128,0,1,2,3,10,9,8,0,41,133,135,136,134,0,1,2,3,1,7,1,1,41,137,139,140,138,0,1,2,3,0,0,0,0],
    "uvs": [[0.375164,0.875347,0.375164,1.00016,0.250154,1.00016,0.250154,0.875347,0.249656,0.625929,0.249656,0.749196,0.125286,0.749196,0.125286,0.625929,0.874656,0.750929,0.874656,0.874196,0.750286,0.874196,0.750286,0.750929,0.125164,0.875347,0.125164,1.00016,0.000154,1.00016,0.000154,0.875347,0.124656,0.875929,0.124656,0.999196,0.000286,0.999196,0.000286,0.875929]]
}