{
    "normals": [0,0,1,1,0,0,-1,0,0,0,1,0,0.999969,0,0,0,0.999969,0,-0.999969,0,0],
    "vertices": [10,0,5,10,1e-06,15,10,-10,5,10,-10,15,20,-10,15,10,-10,15,20,1e-06,15,10,1e-06,15,30,0,5,30,-0,-5,30,-10,5,30,-10,-5,30,1e-06,15,30,0,5,30,-10,15,30,-10,5,30,-10,15,20,-10,15,30,1e-06,15,20,1e-06,15,30,1e-06,15,30,0,5,30,10,15,30,10,5,60,10,-15,60,10,-5,50,10,-5,50,10,-15,60,10,-5,60,10,5,50,10,5,50,10,-5,30,0,5,30,-0,-5,30,10,5,30,10,-5,20,10,5,20,10,-5,20,0,5,20,-0,-5,20,10,-5,30,10,-5,20,-0,-5,30,-0,-5,20,-0,-5,20,0,5,30,0,5,30,-0,-5,10,10,15,10,10,5,10,1e-06,15,10,0,5,10,10,5,20,10,5,10,0,5,20,0,5,10,0,5,10,1e-06,15,20,1e-06,15,20,0,5,60,1e-06,15,50,1e-06,15,60,10,15,50,10,15,40,10,15,50,10,15,40,1e-06,15,50,1e-06,15,40,10,-15,40,10,-5,50,10,-5,50,10,-15,40,10,-5,40,10,5,50,10,5,50,10,-5,40,10,5,40,10,15,50,10,15,50,10,5,30,10,15,40,10,15,30,1e-06,15,40,1e-06,15,30,10,-5,30,10,5,40,10,5,40,10,-5,30,10,5,30,10,15,40,10,15,40,10,5,20,10,-15,20,10,-5,30,10,-5,30,10,-15,20,0,5,20,1e-06,15,30,1e-06,15,30,0,5,10,10,-15,10,10,-5,20,10,-5,20,10,-15,10,10,-5,10,10,5,20,10,5,20,10,-5,0,10,15,10,10,15,0,1e-06,15,10,1e-06,15,0,10,-15,0,10,-5,10,10,-5,10,10,-15,0,10,-5,0,10,5,10,10,5,10,10,-5,0,10,5,0,10,15,10,10,15,10,10,5,50,10,5,50,10,15,60,10,15,60,10,5,30,20,-5,40,20,-5,30,10,-5,40,10,-5,30,30,-5,40,30,-5,30,20,-5,40,20,-5,40,10,-15,40,10,-5,40,20,-15,40,20,-5,30,10,-15,30,10,-5,30,20,-15,30,20,-5,30,20,-15,30,20,-5,30,30,-15,30,30,-5,40,20,-15,40,20,-5,40,30,-15,40,30,-5,30,30,-15,30,30,-5,40,30,-5,40,30,-15],
    "name": "Cube.008Geometry.1",
    "metadata": {
        "type": "Geometry",
        "normals": 7,
        "vertices": 156,
        "version": 3,
        "faces": 39,
        "generator": "io_three",
        "materials": 1,
        "uvs": 1
    },
    "faces": [43,4,6,7,5,0,0,1,2,3,0,0,0,0,43,16,18,19,17,0,4,5,6,7,0,0,0,0,43,15,13,12,14,0,4,5,6,7,1,1,1,1,43,20,22,23,21,0,0,1,2,3,2,2,2,2,43,0,2,3,1,0,2,3,0,1,2,2,2,2,43,60,62,63,61,0,4,5,6,7,0,0,0,0,43,11,9,8,10,0,0,1,2,3,1,1,1,1,43,28,31,30,29,0,8,9,10,11,3,3,3,3,43,32,34,35,33,0,0,1,2,3,2,2,2,2,43,39,37,36,38,0,4,5,6,7,1,1,4,1,43,43,41,40,42,0,0,1,2,3,0,0,0,0,43,47,44,45,46,0,12,13,14,15,3,3,3,5,43,51,49,48,50,0,4,5,6,7,1,1,4,1,43,55,53,52,54,0,4,5,6,7,0,0,0,0,43,59,56,57,58,0,12,13,14,15,3,3,3,5,43,24,27,26,25,0,12,13,14,15,3,3,3,5,43,71,68,69,70,0,12,13,14,15,3,3,3,5,43,67,65,64,66,0,4,5,6,7,0,0,0,0,43,75,72,73,74,0,8,9,10,11,3,3,3,3,43,79,76,77,78,0,8,9,10,11,3,3,3,5,43,83,81,80,82,0,0,1,2,3,0,0,0,0,43,87,84,85,86,0,12,13,14,15,3,3,3,3,43,95,92,93,94,0,12,13,14,15,3,3,3,5,43,111,109,108,110,0,0,1,2,3,0,0,0,0,43,115,112,113,114,0,12,13,14,15,3,3,3,5,43,107,104,105,106,0,8,9,10,11,3,3,3,3,43,103,100,101,102,0,12,13,14,15,3,3,3,5,43,119,116,117,118,0,12,13,14,15,3,3,3,3,43,123,120,121,122,0,12,13,14,15,3,3,3,5,43,91,88,89,90,0,12,13,14,15,3,3,3,5,43,99,96,97,98,0,8,9,10,11,3,3,3,5,43,127,124,125,126,0,8,9,10,11,3,3,3,5,43,131,129,128,130,0,16,17,18,19,0,0,0,0,43,135,133,132,134,0,16,17,18,19,0,0,0,0,43,136,138,139,137,0,16,17,18,19,1,1,1,1,43,140,141,143,142,0,16,19,18,17,2,2,2,2,43,144,145,147,146,0,16,19,18,17,2,2,6,2,43,148,150,151,149,0,16,17,18,19,1,1,4,1,43,155,152,153,154,0,20,21,22,23,3,3,3,5],
    "materials": [{
        "opacity": 1,
        "visible": true,
        "colorSpecular": [0.5,0.5,0.5],
        "blending": "NormalBlending",
        "colorDiffuse": [0.64,0.64,0.64],
        "DbgIndex": 0,
        "colorEmissive": [0,0,0],
        "depthWrite": true,
        "DbgColor": 15658734,
        "wireframe": false,
        "DbgName": "Material",
        "shading": "phong",
        "specularCoef": 50,
        "depthTest": true,
        "colorAmbient": [0.64,0.64,0.64],
        "transparent": false
    }],
    "uvs": [[1.00016,0.750347,1.00016,0.875164,0.875154,0.875164,0.875154,0.750347,0.125164,0.625347,0.125164,0.750164,0.000154,0.750164,0.000154,0.625347,0.124656,0.625929,0.124656,0.749196,0.000286,0.749196,0.000286,0.625929,0.999656,0.750929,0.999656,0.874196,0.875286,0.874196,0.875286,0.750929,0.237663,0.512829,0.237663,0.612682,0.137655,0.612682,0.137655,0.512829,0.362219,0.513256,0.362219,0.611869,0.262723,0.611869,0.262723,0.513256]]
}