{
<<<<<<< HEAD
    "normals": [0,0,1,-1,0,0,0,1,0,0,0.999969,0,1,0,0,0.999969,0,0,0,-1,0,0,-0.999969,0,-0.999969,0,0],
    "vertices": [20,50,-15,10,50,-15,20,60,-15,10,60,-15,0,60,-15,10,60,-15,0,50,-15,10,50,-15,10,10,5,10,10,15,10,0,5,10,1e-06,15,0,40,-15,10,40,-15,0,30,-15,10,30,-15,20,20,-5,10,20,-5,20,30,-5,10,30,-5,10,10,-15,0,10,-15,10,20,-15,0,20,-15,10,10,-5,10,10,5,0,10,5,0,10,-5,10,40,-15,0,40,-15,10,50,-15,0,50,-15,10,40,5,20,40,5,10,30,5,20,30,5,20,20,-15,10,20,-15,20,30,-15,10,30,-15,20,10,-15,10,10,-15,20,20,-15,10,20,-15,20,-10,15,10,-10,15,20,1e-06,15,10,1e-06,15,20,0,5,20,1e-06,15,10,1e-06,15,10,0,5,20,10,-15,20,10,-5,10,10,-5,10,10,-15,20,40,-15,10,40,-15,20,50,-15,10,50,-15,50,60,-15,60,60,-15,50,50,-15,60,50,-15,20,10,5,20,10,15,20,0,5,20,1e-06,15,20,10,-5,20,10,5,10,10,5,10,10,-5,20,10,-5,10,10,-5,20,20,-5,10,20,-5,0,30,-15,10,30,-15,0,20,-15,10,20,-15,10,20,-5,10,20,-15,10,30,-5,10,30,-15,20,40,-5,20,40,-15,20,30,-5,20,30,-15,20,40,5,20,40,-5,20,30,5,20,30,-5,10,30,-5,10,30,-15,10,40,-5,10,40,-15,10,30,5,10,30,-5,10,40,5,10,40,-5,20,40,-15,20,40,-5,10,40,-5,10,40,-15,20,40,-5,20,40,5,10,40,5,10,40,-5,10,30,-5,10,30,5,20,30,5,20,30,-5,20,-10,15,20,-10,5,20,1e-06,15,20,0,5,10,1e-06,15,10,0,5,10,10,15,10,10,5,40,30,-5,50,30,-5,40,20,-5,50,20,-5,20,10,-15,20,10,-5,30,10,-5,30,10,-15,20,10,-5,20,10,5,30,10,5,30,10,-5,50,1e-06,15,50,0,5,50,10,15,50,10,5,20,20,-15,30,20,-15,20,10,-15,30,10,-15,20,30,-15,30,30,-15,20,20,-15,30,20,-15,20,40,-15,30,40,-15,20,30,-15,30,30,-15,20,10,5,30,10,5,20,0,5,30,0,5,50,30,-15,40,30,-15,50,40,-15,40,40,-15,30,50,-15,40,50,-15,30,40,-15,40,40,-15,30,-0,-5,30,0,5,40,0,5,40,-0,-5,30,20,-5,40,20,-5,30,10,-5,40,10,-5,30,30,-15,40,30,-15,30,20,-15,40,20,-15,30,50,-15,20,50,-15,30,60,-15,20,60,-15,40,30,-15,30,30,-15,40,40,-15,30,40,-15,40,-0,-5,40,0,5,50,0,5,50,-0,-5,10,10,5,20,10,5,10,0,5,20,0,5,20,50,-15,30,50,-15,20,40,-15,30,40,-15,50,50,-15,40,50,-15,50,60,-15,40,60,-15,30,60,-15,40,60,-15,30,50,-15,40,50,-15,10,10,5,10,10,15,0,10,15,0,10,5,10,1e-06,15,0,1e-06,15,10,10,15,0,10,15,10,0,5,10,1e-06,15,10,-10,5,10,-10,15,40,20,-15,50,20,-15,40,10,-15,50,10,-15,50,20,-5,50,20,-15,50,10,-5,50,10,-15,50,40,-15,40,40,-15,50,50,-15,40,50,-15,60,20,-15,50,20,-15,60,30,-15,50,30,-15,60,10,-15,50,10,-15,60,20,-15,50,20,-15,60,1e-06,15,50,1e-06,15,60,10,15,50,10,15,60,10,5,60,10,15,50,10,15,50,10,5,60,10,-15,60,10,-5,50,10,-5,50,10,-15,60,40,-15,50,40,-15,60,50,-15,50,50,-15,30,-0,-5,30,0,5,30,10,-5,30,10,5,50,-0,-5,40,-0,-5,50,10,-5,40,10,-5,60,10,-5,60,10,5,50,10,5,50,10,-5,30,10,-5,30,10,-15,30,20,-5,30,20,-15,40,20,-15,40,20,-5,30,20,-5,30,20,-15,50,10,-5,40,10,-5,50,20,-5,40,20,-5,50,30,-5,50,30,-15,50,20,-5,50,20,-15,50,30,-15,50,30,-5,40,30,-5,40,30,-15,40,20,-5,40,20,-15,40,30,-5,40,30,-15,40,-0,-5,30,-0,-5,40,10,-5,30,10,-5,50,40,-15,60,40,-15,50,30,-15,60,30,-15,50,-0,-5,50,0,5,50,10,-5,50,10,5,50,-10,-5,50,-10,5,50,-0,-5,50,0,5,50,-10,5,40,-10,5,50,0,5,40,0,5,30,-10,5,30,-10,-5,30,0,5,30,-0,-5,40,-10,5,30,-10,5,40,0,5,30,0,5,20,10,5,20,10,15,30,10,15,30,10,5,20,10,15,30,10,15,20,1e-06,15,30,1e-06,15,40,0,5,40,1e-06,15,30,1e-06,15,30,0,5,50,0,5,50,1e-06,15,40,1e-06,15,40,0,5,30,0,5,30,1e-06,15,30,10,5,30,10,15,50,-10,15,40,-10,15,50,1e-06,15,40,1e-06,15,30,-10,15,30,-10,5,30,1e-06,15,30,0,5,40,-10,15,30,-10,15,40,1e-06,15,30,1e-06,15,50,-10,5,50,-10,15,50,0,5,50,1e-06,15,10,10,-5,10,10,-15,10,20,-5,10,20,-15,10,10,-15,10,10,-5,0,10,-5,0,10,-15,20,20,-5,20,20,-15,20,10,-5,20,10,-15,20,30,-5,20,30,-15,20,20,-5,20,20,-15,30,20,-15,40,20,-15,30,10,-15,40,10,-15],
    "name": "Cube.010Geometry",
    "metadata": {
        "type": "Geometry",
        "normals": 9,
        "vertices": 368,
        "version": 3,
        "faces": 92,
        "generator": "io_three",
        "uvs": 1
    },
    "faces": [41,0,2,3,1,0,1,2,3,0,0,0,0,41,7,5,4,6,0,1,2,3,0,0,0,0,41,11,9,8,10,4,5,6,7,1,1,1,1,41,15,13,12,14,8,9,10,11,0,0,0,0,41,16,18,19,17,0,1,2,3,0,0,0,0,41,20,22,23,21,0,1,2,3,0,0,0,0,41,24,27,26,25,12,13,14,15,2,2,2,2,41,28,30,31,29,8,9,10,11,0,0,0,0,41,35,33,32,34,0,1,2,3,0,0,0,0,41,36,38,39,37,0,1,2,3,0,0,0,0,41,40,42,43,41,0,1,2,3,0,0,0,0,41,44,46,47,45,4,5,6,7,0,0,0,0,41,48,51,50,49,16,17,18,19,2,2,2,3,41,52,55,54,53,12,13,14,15,2,2,2,3,41,56,58,59,57,8,9,10,11,0,0,0,0,41,63,61,60,62,0,1,2,3,0,0,0,0,41,67,65,64,66,0,1,2,3,1,1,1,1,41,68,71,70,69,16,17,18,19,2,2,2,2,41,72,74,75,73,0,1,2,3,0,0,0,0,41,79,77,76,78,0,1,2,3,0,0,0,0,41,80,82,83,81,0,1,2,3,1,1,1,1,41,87,85,84,86,0,1,2,3,4,4,5,4,41,91,89,88,90,0,1,2,3,4,4,5,4,41,92,94,95,93,0,1,2,3,1,1,1,1,41,96,98,99,97,0,1,2,3,1,1,1,1,41,100,103,102,101,12,13,14,15,2,2,2,3,41,104,107,106,105,12,13,14,15,2,2,2,3,41,111,110,109,108,12,15,14,13,6,7,6,6,41,112,113,115,114,0,3,2,1,4,4,4,4,41,116,117,119,118,0,3,2,1,4,4,4,4,41,127,124,125,126,12,13,14,15,2,2,2,3,41,131,128,129,130,12,13,14,15,2,2,2,2,41,132,134,135,133,4,5,6,7,1,1,1,1,41,139,137,136,138,8,9,10,11,0,0,0,0,41,143,141,140,142,8,9,10,11,0,0,0,0,41,147,145,144,146,8,9,10,11,0,0,0,0,41,151,149,148,150,0,1,2,3,0,0,0,0,41,123,121,120,122,0,1,2,3,0,0,0,0,41,152,154,155,153,8,9,10,11,0,0,0,0,41,159,157,156,158,8,9,10,11,0,0,0,0,41,163,160,161,162,12,13,14,15,2,2,2,3,41,167,165,164,166,0,1,2,3,0,0,0,0,41,171,169,168,170,8,9,10,11,0,0,0,0,41,172,174,175,173,0,1,2,3,0,0,0,0,41,176,178,179,177,8,9,10,11,0,0,0,0,41,183,180,181,182,12,13,14,15,2,2,2,3,41,187,185,184,186,4,5,6,7,0,0,0,0,41,191,189,188,190,8,9,10,11,0,0,0,0,41,192,194,195,193,0,1,2,3,0,0,0,0,41,199,197,196,198,0,1,2,3,0,0,0,0,41,200,203,202,201,12,13,14,15,2,2,2,3,41,204,206,207,205,0,1,2,3,0,0,0,0,41,211,209,208,210,0,1,2,3,1,1,1,1,41,215,213,212,214,0,1,2,3,0,0,0,0,41,219,217,216,218,0,1,2,3,4,4,4,4,41,220,222,223,221,8,9,10,11,0,0,0,0,41,224,226,227,225,0,1,2,3,0,0,0,0,41,228,230,231,229,0,1,2,3,0,0,0,0,41,232,234,235,233,4,5,6,7,0,0,0,0,41,236,239,238,237,16,17,18,19,2,2,2,3,41,240,243,242,241,12,13,14,15,2,2,2,3,41,244,246,247,245,8,9,10,11,0,0,0,0,41,248,250,251,249,0,1,2,3,4,4,5,4,41,252,254,255,253,0,1,2,3,0,0,0,0,41,256,259,258,257,20,21,22,23,2,2,2,2,41,260,262,263,261,0,1,2,3,1,8,1,1,41,264,267,266,265,12,13,14,15,2,2,2,3,41,268,270,271,269,0,1,2,3,0,0,0,0,41,275,273,272,274,0,1,2,3,4,4,5,4,41,276,279,278,277,12,13,14,15,2,2,2,3,41,280,282,283,281,0,1,2,3,1,1,1,1,41,284,286,287,285,0,1,2,3,0,0,0,0,41,291,289,288,290,8,9,10,11,0,0,0,0,41,292,293,295,294,0,3,2,1,1,1,8,1,41,296,298,299,297,0,1,2,3,4,4,4,4,41,300,302,303,301,0,1,2,3,0,0,0,0,41,304,306,307,305,0,1,2,3,8,1,1,1,41,308,310,311,309,0,1,2,3,0,0,0,0,41,315,312,313,314,12,13,14,15,2,2,2,3,41,319,317,316,318,0,1,2,3,0,0,0,0,41,320,323,322,321,12,13,14,15,2,2,2,3,41,324,327,326,325,12,13,14,15,2,2,2,3,41,328,330,331,329,0,1,2,3,4,4,5,4,41,332,334,335,333,0,1,2,3,0,0,0,0,41,336,338,339,337,0,1,2,3,1,1,1,1,41,340,342,343,341,0,1,2,3,0,0,0,0,41,344,346,347,345,0,1,2,3,4,4,4,4,41,348,350,351,349,0,1,2,3,1,8,1,1,41,352,355,354,353,12,13,14,15,2,2,2,3,41,359,357,356,358,0,1,2,3,4,4,4,4,41,363,361,360,362,0,1,2,3,4,4,5,4,41,367,365,364,366,8,9,10,11,0,0,0,0],
    "uvs": [[0.250164,0.875347,0.250164,1.00016,0.125154,1.00016,0.125154,0.875347,0.500164,0.625347,0.500164,0.750164,0.375154,0.750164,0.375154,0.625347,0.500164,0.875347,0.500164,1.00016,0.375154,1.00016,0.375154,0.875347,0.249656,0.875929,0.249656,0.999196,0.125286,0.999196,0.125286,0.875929,0.499656,0.625929,0.499656,0.749196,0.375286,0.749196,0.375286,0.625929,0.499656,0.875929,0.499656,0.999196,0.375286,0.999196,0.375286,0.875929]]
=======
    "uvs": [[0.250164,0.875347,0.250164,1.00016,0.125154,1.00016,0.125154,0.875347,0.500164,0.875347,0.500164,1.00016,0.375154,1.00016,0.375154,0.875347,0.249656,0.875929,0.249656,0.999196,0.125286,0.999196,0.125286,0.875929,0.500164,0.625347,0.500164,0.750164,0.375154,0.750164,0.375154,0.625347,0.499656,0.625929,0.499656,0.749196,0.375286,0.749196,0.375286,0.625929,0.499656,0.875929,0.499656,0.999196,0.375286,0.999196,0.375286,0.875929]],
    "metadata": {
        "type": "Geometry",
        "uvs": 1,