{
    "normals": [0,0,1,0,0.707083,0.707083,0,1,0,0,0.999969,0,1,0,0,-1,0,0,-0.999969,0,0,0.999969,0,0],
    "vertices": [40,10,5,40,10,-5,30,10,5,30,10,15,40,10,15,40,10,5,30,1e-06,15,40,1e-06,15,50,1e-06,15,40,1e-06,15,50,10,15,40,10,15,40,10,5,40,10,15,50,10,15,50,10,5,10,30,-15,0,30,-15,10,40,-15,0,40,-15,20,30,-15,10,30,-15,20,40,-15,10,40,-15,10,20,-15,0,20,-15,10,30,-15,0,30,-15,20,20,-15,10,20,-15,20,30,-15,10,30,-15,20,10,-15,10,10,-15,20,20,-15,10,20,-15,10,40,-15,0,40,-15,10,50,-15,0,50,-15,20,40,-15,10,40,-15,20,50,-15,10,50,-15,0,60,-15,10,60,-15,0,50,-15,10,50,-15,10,60,-15,20,60,-15,10,50,-15,20,50,-15,0,20,-15,10,20,-15,0,10,-15,10,10,-15,10,10,-15,10,10,-5,20,10,-5,20,10,-15,10,10,-5,10,10,5,20,10,5,20,10,-5,10,10,5,10,10,15,20,1e-06,15,10,1e-06,15,20,10,5,20,10,15,0,10,-5,0,10,5,0,10,-15,0,10,-5,10,10,-5,10,10,-15,10,10,-5,10,10,5,10,10,5,10,10,15,0,10,15,0,10,5,0,10,15,10,10,15,0,1e-06,15,10,1e-06,15,40,10,-5,40,10,-15,30,10,-5,30,10,5,50,10,5,50,10,-5,50,10,-15,50,10,-5,40,10,-5,40,10,-15,30,10,-15,30,10,-5,40,10,5,40,10,-5,20,20,5,20,20,15,20,10,5,20,10,15,20,20,15,30,20,15,20,10,15,30,10,15,30,20,5,30,20,15,30,10,5,30,10,15,30,1e-06,15,20,1e-06,15,30,10,15,20,10,15,30,10,5,30,10,-5,30,10,-15,30,10,-5,20,10,-5,20,10,5,20,10,-5,20,10,-15,20,20,5,20,30,5,20,30,15,30,30,15,30,30,5,30,20,5,30,20,15,30,30,15,30,30,5,20,20,15,20,30,15,20,30,5,30,20,15,20,20,15,30,30,15,20,30,15,20,30,-15,30,30,-15,20,20,-15,30,20,-15,20,20,-15,30,20,-15,20,10,-15,30,10,-15,60,10,15,60,10,5,50,1e-06,15,60,1e-06,15,50,10,15,50,10,5,60,10,-5,60,10,5,50,10,5,50,10,-5,60,10,-15,60,10,-5,50,10,-5,50,10,-15,40,10,-25,40,10,-15,50,10,-15,50,10,-25,50,20,-25,50,20,-15,50,10,-25,50,10,-15,40,20,-15,40,20,-25,40,10,-15,40,10,-25,40,20,-25,50,20,-25,40,10,-25,50,10,-25,50,50,-15,60,50,-15,50,40,-15,60,40,-15,40,50,-15,50,50,-15,40,40,-15,50,40,-15,20,40,-15,30,40,-15,20,30,-15,30,30,-15,50,20,-15,60,20,-15,50,10,-15,60,10,-15,50,30,-15,60,30,-15,50,20,-15,60,20,-15,40,30,-15,50,30,-15,40,20,-15,50,20,-15,30,20,-15,40,20,-15,30,10,-15,40,10,-15,30,30,-15,40,30,-15,30,20,-15,40,20,-15,50,40,-15,60,40,-15,50,30,-15,60,30,-15,40,40,-15,50,40,-15,40,30,-15,50,30,-15,30,40,-15,40,40,-15,30,30,-15,40,30,-15,30,50,-15,40,50,-15,30,40,-15,40,40,-15,20,50,-15,30,50,-15,20,40,-15,30,40,-15,50,60,-15,60,60,-15,50,50,-15,60,50,-15,40,60,-15,50,60,-15,40,50,-15,50,50,-15,30,60,-15,40,60,-15,30,50,-15,40,50,-15,20,60,-15,30,60,-15,20,50,-15,30,50,-15],
    "name": "Cube.002Geometry",
    "metadata": {
        "type": "Geometry",
        "normals": 8,
        "vertices": 246,
        "version": 3,
        "faces": 63,
        "generator": "io_three",
        "uvs": 1
    },
    "faces": [41,7,4,3,6,0,1,2,3,0,1,1,0,41,5,2,3,4,4,5,6,7,2,2,1,1,41,8,10,11,9,8,9,10,11,0,0,0,0,41,15,12,13,14,12,13,14,15,2,2,2,3,41,16,18,19,17,8,9,10,11,0,0,0,0,41,20,22,23,21,8,9,10,11,0,0,0,0,41,24,26,27,25,0,1,2,3,0,0,0,0,41,28,30,31,29,8,9,10,11,0,0,0,0,41,32,34,35,33,0,1,2,3,0,0,0,0,41,36,38,39,37,0,1,2,3,0,0,0,0,41,40,42,43,41,0,1,2,3,0,0,0,0,41,47,45,44,46,0,1,2,3,0,0,0,0,41,51,49,48,50,0,1,2,3,0,0,0,0,41,55,53,52,54,0,1,2,3,0,0,0,0,41,59,56,57,58,4,5,6,7,2,2,2,3,41,63,60,61,62,4,5,6,7,2,2,2,2,41,66,69,65,67,0,1,2,3,0,1,1,0,41,68,64,65,69,4,5,6,7,2,2,1,1,41,76,70,71,77,4,5,6,7,2,2,2,2,41,75,72,73,74,4,5,6,7,2,2,2,3,41,78,81,80,79,12,13,14,15,2,2,2,3,41,85,83,82,84,8,9,10,11,0,0,0,0,41,89,0,1,88,6,7,4,5,2,2,2,2,41,92,95,94,93,4,5,6,7,2,2,2,3,41,87,96,97,86,12,13,14,15,2,2,2,3,41,91,99,98,90,4,5,6,7,2,2,2,2,41,111,110,108,109,8,11,10,9,4,4,4,4,41,103,101,100,102,0,1,2,3,5,5,5,5,41,107,105,104,106,0,1,2,3,0,0,0,0,41,117,120,121,116,4,5,6,7,2,2,2,2,41,112,114,115,113,0,1,2,3,0,0,0,0,41,118,123,122,119,4,5,6,7,2,2,2,3,41,133,134,135,124,0,1,2,3,5,6,6,5,41,128,125,126,127,4,5,6,7,2,2,2,3,41,130,129,132,131,0,3,2,1,4,4,7,7,41,136,138,139,137,0,1,2,3,0,0,0,0,41,143,141,140,142,16,17,18,19,0,0,0,0,41,147,145,144,146,0,1,2,3,0,0,0,0,41,149,153,152,148,4,5,6,7,2,2,1,1,41,151,148,152,150,0,1,2,3,0,1,1,0,41,154,157,156,155,4,5,6,7,2,2,2,2,41,158,161,160,159,4,5,6,7,2,2,2,3,41,165,162,163,164,4,5,6,7,2,2,2,3,41,169,167,166,168,0,1,2,3,5,5,5,5,41,173,171,170,172,0,1,2,3,4,4,7,4,41,177,175,174,176,0,1,2,3,0,0,0,0,41,181,179,178,180,0,1,2,3,0,0,0,0,41,185,183,182,184,0,1,2,3,0,0,0,0,41,189,187,186,188,16,17,18,19,0,0,0,0,41,193,191,190,192,0,1,2,3,0,0,0,0,41,197,195,194,196,8,9,10,11,0,0,0,0,41,201,199,198,200,0,1,2,3,0,0,0,0,41,205,203,202,204,8,9,10,11,0,0,0,0,41,209,207,206,208,20,21,22,23,0,0,0,0,41,213,211,210,212,8,9,10,11,0,0,0,0,41,217,215,214,216,8,9,10,11,0,0,0,0,41,221,219,218,220,16,17,18,19,0,0,0,0,41,225,223,222,224,0,1,2,3,0,0,0,0,41,229,227,226,228,0,1,2,3,0,0,0,0,41,233,231,230,232,0,1,2,3,0,0,0,0,41,237,235,234,236,0,1,2,3,0,0,0,0,41,241,239,238,240,0,1,2,3,0,0,0,0,41,245,243,242,244,0,1,2,3,0,0,0,0],
    "uvs": [[0.250164,0.875347,0.250164,1.00016,0.125154,1.00016,0.125154,0.875347,0.249656,0.875929,0.249656,0.999196,0.125286,0.999196,0.125286,0.875929,0.500164,0.875347,0.500164,1.00016,0.375154,1.00016,0.375154,0.875347,0.499656,0.875929,0.499656,0.999196,0.375286,0.999196,0.375286,0.875929,0.625164,0.625347,0.625164,0.750164,0.500154,0.750164,0.500154,0.625347,0.750164,0.625347,0.750164,0.750164,0.625154,0.750164,0.625154,0.625347]]
}