{
    "name": "CubeGeometry",
    "uvs": [[0.224318,0.453245,0.224318,0.654939,0.137043,0.654939,0.137043,0.453245,0.049767,0.453245,0.049767,0.251552,0.251461,0.251552,0.251461,0.453245,0.398868,0.453245,0.398868,0.654939,0.311593,0.654939,0.311593,0.453245,0.111187,0.806799,0.138526,0.970757,0.08385,0.970757,0.165863,0.806799,0.193201,0.970757,0.08385,0.806799,0.08385,0.970809,0.029191,0.970602]],
    "faces": [41,0,4,5,1,0,1,2,3,0,0,1,1,41,1,5,6,2,4,5,6,7,1,1,2,2,41,2,6,7,3,8,9,10,11,2,2,3,3,41,11,9,8,10,12,13,14,12,4,4,4,4,41,15,13,12,14,15,16,13,15,4,4,4,4,41,19,17,16,18,17,18,19,17,4,4,4,4],
    "vertices": [0.195,0.0192,-0.432712,0.195,0.0192,0.432712,-0.195,0.0192,0.432712,-0.195,0.0192,-0.432712,0.195,7.7808,-0.432712,0.195,7.7808,0.432712,-0.195,7.7808,0.432712,-0.195,7.7808,-0.432712,0.091997,0.735428,-0.068977,0.091997,2.73543,-0.068977,2.092,1.73543,-0.068977,2.092,1.73543,-0.068977,0.091997,2.63543,-0.068977,0.091997,4.63543,-0.068977,2.092,3.63543,-0.068977,2.092,3.63543,-0.068977,0.091997,4.64463,-0.068977,0.091997,6.64463,-0.068977,2.092,5.64463,-0.068977,2.092,5.64463,-0.068977],
    "metadata": {
        "normals": 5,
        "version": 3,
        "generator": "io_three",
        "type": "Geometry",
        "uvs": 1,
        "vertices": 20,
        "faces": 6
    },
    "normals": [1,0,0,0.707083,0,0.707083,-0.707083,0,0.707083,-1,0,0,0,0,1]
}